frequency,control_definition,outcome,event_time,estimate,clustered_se,p_value,ci_low,ci_high,reference_period,model
quarter,CONTROL_C0,publication_count,-8,-0.046044,0.096338,0.632688,-0.234867,0.142778,2024Q2,app_fe_quarter_fe_project_age_bin_fe
quarter,CONTROL_C0,publication_count,-7,0.015766,0.076394,0.836493,-0.133966,0.165498,2024Q2,app_fe_quarter_fe_project_age_bin_fe
quarter,CONTROL_C0,publication_count,-6,0.090374,0.079187,0.253755,-0.064832,0.245580,2024Q2,app_fe_quarter_fe_project_age_bin_fe
quarter,CONTROL_C0,publication_count,-5,-0.198881,0.253069,0.431941,-0.694897,0.297135,2024Q2,app_fe_quarter_fe_project_age_bin_fe
quarter,CONTROL_C0,publication_count,-4,0.037813,0.070151,0.589875,-0.099684,0.175310,2024Q2,app_fe_quarter_fe_project_age_bin_fe
quarter,CONTROL_C0,publication_count,-3,0.099853,0.096878,0.302678,-0.090028,0.289733,2024Q2,app_fe_quarter_fe_project_age_bin_fe
quarter,CONTROL_C0,publication_count,-2,0.082271,0.101383,0.417086,-0.116439,0.280981,2024Q2,app_fe_quarter_fe_project_age_bin_fe
quarter,CONTROL_C0,publication_count,0,0.231557,0.174081,0.183463,-0.109642,0.572756,2024Q2,app_fe_quarter_fe_project_age_bin_fe
quarter,CONTROL_C0,publication_count,1,0.062390,0.132977,0.638939,-0.198244,0.323025,2024Q2,app_fe_quarter_fe_project_age_bin_fe
quarter,CONTROL_C0,publication_count,2,0.227361,0.144035,0.114449,-0.054948,0.509671,2024Q2,app_fe_quarter_fe_project_age_bin_fe
quarter,CONTROL_C0,publication_count,3,0.128804,0.126751,0.309537,-0.119628,0.377235,2024Q2,app_fe_quarter_fe_project_age_bin_fe
quarter,CONTROL_C0,publication_count,4,0.089688,0.059029,0.128665,-0.026009,0.205386,2024Q2,app_fe_quarter_fe_project_age_bin_fe
quarter,CONTROL_C0,publication_count,5,0.124687,0.104430,0.232488,-0.079996,0.329371,2024Q2,app_fe_quarter_fe_project_age_bin_fe
quarter,CONTROL_C0,publication_count,6,-0.012866,0.148748,0.931074,-0.304412,0.278681,2024Q2,app_fe_quarter_fe_project_age_bin_fe
quarter,CONTROL_C0,publication_count,7,0.126339,0.073383,0.085136,-0.017492,0.270170,2024Q2,app_fe_quarter_fe_project_age_bin_fe
quarter,CONTROL_C0,any_publication,-8,-0.002029,0.041050,0.960588,-0.082487,0.078430,2024Q2,app_fe_quarter_fe_project_age_bin_fe
quarter,CONTROL_C0,any_publication,-7,0.006124,0.040288,0.879182,-0.072841,0.085089,2024Q2,app_fe_quarter_fe_project_age_bin_fe
quarter,CONTROL_C0,any_publication,-6,0.025323,0.038142,0.506750,-0.049435,0.100080,2024Q2,app_fe_quarter_fe_project_age_bin_fe
quarter,CONTROL_C0,any_publication,-5,0.021224,0.036521,0.561140,-0.050357,0.092806,2024Q2,app_fe_quarter_fe_project_age_bin_fe
quarter,CONTROL_C0,any_publication,-4,0.022383,0.036092,0.535141,-0.048357,0.093124,2024Q2,app_fe_quarter_fe_project_age_bin_fe
quarter,CONTROL_C0,any_publication,-3,0.010584,0.035070,0.762803,-0.058153,0.079322,2024Q2,app_fe_quarter_fe_project_age_bin_fe
quarter,CONTROL_C0,any_publication,-2,-0.013607,0.049955,0.785322,-0.111518,0.084304,2024Q2,app_fe_quarter_fe_project_age_bin_fe
quarter,CONTROL_C0,any_publication,0,0.060031,0.045403,0.186105,-0.028958,0.149021,2024Q2,app_fe_quarter_fe_project_age_bin_fe
quarter,CONTROL_C0,any_publication,1,-0.067962,0.066265,0.305072,-0.197842,0.061917,2024Q2,app_fe_quarter_fe_project_age_bin_fe
quarter,CONTROL_C0,any_publication,2,0.047521,0.032668,0.145758,-0.016508,0.111549,2024Q2,app_fe_quarter_fe_project_age_bin_fe
quarter,CONTROL_C0,any_publication,3,-0.011738,0.057065,0.837035,-0.123585,0.100110,2024Q2,app_fe_quarter_fe_project_age_bin_fe
quarter,CONTROL_C0,any_publication,4,-0.001199,0.035191,0.972822,-0.070173,0.067775,2024Q2,app_fe_quarter_fe_project_age_bin_fe
quarter,CONTROL_C0,any_publication,5,0.001068,0.057780,0.985258,-0.112182,0.114317,2024Q2,app_fe_quarter_fe_project_age_bin_fe
quarter,CONTROL_C0,any_publication,6,0.069496,0.033152,0.036059,0.004517,0.134474,2024Q2,app_fe_quarter_fe_project_age_bin_fe
quarter,CONTROL_C0,any_publication,7,0.014349,0.011409,0.208521,-0.008013,0.036711,2024Q2,app_fe_quarter_fe_project_age_bin_fe
quarter,CONTROL_C01,publication_count,-8,-0.099339,0.053298,0.062343,-0.203803,0.005125,2024Q2,app_fe_quarter_fe_project_age_bin_fe
quarter,CONTROL_C01,publication_count,-7,-0.045031,0.063882,0.480865,-0.170241,0.080178,2024Q2,app_fe_quarter_fe_project_age_bin_fe
quarter,CONTROL_C01,publication_count,-6,0.025758,0.038426,0.502646,-0.049557,0.101073,2024Q2,app_fe_quarter_fe_project_age_bin_fe
quarter,CONTROL_C01,publication_count,-5,-0.082526,0.069696,0.236378,-0.219130,0.054078,2024Q2,app_fe_quarter_fe_project_age_bin_fe
quarter,CONTROL_C01,publication_count,-4,0.020703,0.032296,0.521506,-0.042598,0.084004,2024Q2,app_fe_quarter_fe_project_age_bin_fe
quarter,CONTROL_C01,publication_count,-3,-0.001453,0.045287,0.974402,-0.090215,0.087309,2024Q2,app_fe_quarter_fe_project_age_bin_fe
quarter,CONTROL_C01,publication_count,-2,-0.017361,0.041718,0.677303,-0.099128,0.064407,2024Q2,app_fe_quarter_fe_project_age_bin_fe
quarter,CONTROL_C01,publication_count,0,-0.017050,0.069602,0.806486,-0.153470,0.119370,2024Q2,app_fe_quarter_fe_project_age_bin_fe
quarter,CONTROL_C01,publication_count,1,-0.021370,0.051336,0.677202,-0.121989,0.079248,2024Q2,app_fe_quarter_fe_project_age_bin_fe
quarter,CONTROL_C01,publication_count,2,0.024972,0.057549,0.664344,-0.087824,0.137768,2024Q2,app_fe_quarter_fe_project_age_bin_fe
quarter,CONTROL_C01,publication_count,3,-0.019887,0.052449,0.704569,-0.122687,0.082914,2024Q2,app_fe_quarter_fe_project_age_bin_fe
quarter,CONTROL_C01,publication_count,4,-0.001984,0.043271,0.963437,-0.086796,0.082829,2024Q2,app_fe_quarter_fe_project_age_bin_fe
quarter,CONTROL_C01,publication_count,5,0.067670,0.037582,0.071764,-0.005990,0.141330,2024Q2,app_fe_quarter_fe_project_age_bin_fe
quarter,CONTROL_C01,publication_count,6,-0.042408,0.059804,0.478245,-0.159624,0.074807,2024Q2,app_fe_quarter_fe_project_age_bin_fe
quarter,CONTROL_C01,publication_count,7,0.018139,0.036107,0.615402,-0.052631,0.088910,2024Q2,app_fe_quarter_fe_project_age_bin_fe
quarter,CONTROL_C01,any_publication,-8,-0.046360,0.036591,0.205166,-0.118079,0.025359,2024Q2,app_fe_quarter_fe_project_age_bin_fe
quarter,CONTROL_C01,any_publication,-7,0.012089,0.028699,0.673585,-0.044162,0.068340,2024Q2,app_fe_quarter_fe_project_age_bin_fe
quarter,CONTROL_C01,any_publication,-6,0.004510,0.032327,0.889052,-0.058852,0.067871,2024Q2,app_fe_quarter_fe_project_age_bin_fe
quarter,CONTROL_C01,any_publication,-5,-0.014194,0.022601,0.529990,-0.058493,0.030105,2024Q2,app_fe_quarter_fe_project_age_bin_fe
quarter,CONTROL_C01,any_publication,-4,0.022813,0.026967,0.397562,-0.030041,0.075668,2024Q2,app_fe_quarter_fe_project_age_bin_fe
quarter,CONTROL_C01,any_publication,-3,0.009020,0.028169,0.748802,-0.046191,0.064231,2024Q2,app_fe_quarter_fe_project_age_bin_fe
quarter,CONTROL_C01,any_publication,-2,-0.021882,0.028159,0.437103,-0.077073,0.033309,2024Q2,app_fe_quarter_fe_project_age_bin_fe
quarter,CONTROL_C01,any_publication,0,-0.023133,0.033657,0.491873,-0.089100,0.042834,2024Q2,app_fe_quarter_fe_project_age_bin_fe
quarter,CONTROL_C01,any_publication,1,-0.028387,0.032712,0.385518,-0.092503,0.035729,2024Q2,app_fe_quarter_fe_project_age_bin_fe
quarter,CONTROL_C01,any_publication,2,0.012216,0.026261,0.641800,-0.039255,0.063688,2024Q2,app_fe_quarter_fe_project_age_bin_fe
quarter,CONTROL_C01,any_publication,3,-0.035179,0.033973,0.300437,-0.101767,0.031408,2024Q2,app_fe_quarter_fe_project_age_bin_fe
quarter,CONTROL_C01,any_publication,4,-0.016166,0.027427,0.555568,-0.069922,0.037590,2024Q2,app_fe_quarter_fe_project_age_bin_fe
quarter,CONTROL_C01,any_publication,5,0.028538,0.026171,0.275520,-0.022757,0.079832,2024Q2,app_fe_quarter_fe_project_age_bin_fe
quarter,CONTROL_C01,any_publication,6,0.022076,0.027633,0.424339,-0.032084,0.076237,2024Q2,app_fe_quarter_fe_project_age_bin_fe
quarter,CONTROL_C01,any_publication,7,-0.009701,0.026374,0.712996,-0.061395,0.041992,2024Q2,app_fe_quarter_fe_project_age_bin_fe
quarter,CONTROL_C03,publication_count,-8,-0.117100,0.051187,0.022156,-0.217427,-0.016773,2024Q2,app_fe_quarter_fe_project_age_bin_fe
quarter,CONTROL_C03,publication_count,-7,-0.026788,0.054974,0.626056,-0.134538,0.080962,2024Q2,app_fe_quarter_fe_project_age_bin_fe
quarter,CONTROL_C03,publication_count,-6,0.032282,0.034207,0.345308,-0.034763,0.099327,2024Q2,app_fe_quarter_fe_project_age_bin_fe
quarter,CONTROL_C03,publication_count,-5,-0.062085,0.060243,0.302744,-0.180162,0.055992,2024Q2,app_fe_quarter_fe_project_age_bin_fe
quarter,CONTROL_C03,publication_count,-4,0.014980,0.030365,0.621775,-0.044535,0.074494,2024Q2,app_fe_quarter_fe_project_age_bin_fe
quarter,CONTROL_C03,publication_count,-3,-0.037324,0.045220,0.409152,-0.125955,0.051307,2024Q2,app_fe_quarter_fe_project_age_bin_fe
quarter,CONTROL_C03,publication_count,-2,-0.025577,0.040198,0.524602,-0.104365,0.053211,2024Q2,app_fe_quarter_fe_project_age_bin_fe
quarter,CONTROL_C03,publication_count,0,-0.022429,0.061603,0.715788,-0.143172,0.098313,2024Q2,app_fe_quarter_fe_project_age_bin_fe
quarter,CONTROL_C03,publication_count,1,-0.019697,0.045810,0.667216,-0.109484,0.070090,2024Q2,app_fe_quarter_fe_project_age_bin_fe
quarter,CONTROL_C03,publication_count,2,0.021910,0.050917,0.666963,-0.077886,0.121707,2024Q2,app_fe_quarter_fe_project_age_bin_fe
quarter,CONTROL_C03,publication_count,3,-0.010235,0.046041,0.824079,-0.100476,0.080006,2024Q2,app_fe_quarter_fe_project_age_bin_fe
quarter,CONTROL_C03,publication_count,4,0.009353,0.038440,0.807756,-0.065989,0.084695,2024Q2,app_fe_quarter_fe_project_age_bin_fe
quarter,CONTROL_C03,publication_count,5,0.059996,0.034576,0.082710,-0.007774,0.127765,2024Q2,app_fe_quarter_fe_project_age_bin_fe
quarter,CONTROL_C03,publication_count,6,-0.050946,0.055160,0.355690,-0.159060,0.057167,2024Q2,app_fe_quarter_fe_project_age_bin_fe
quarter,CONTROL_C03,publication_count,7,0.012295,0.033411,0.712873,-0.053190,0.077781,2024Q2,app_fe_quarter_fe_project_age_bin_fe
quarter,CONTROL_C03,any_publication,-8,-0.061990,0.035879,0.084034,-0.132312,0.008333,2024Q2,app_fe_quarter_fe_project_age_bin_fe
quarter,CONTROL_C03,any_publication,-7,0.019968,0.025913,0.440954,-0.030822,0.070759,2024Q2,app_fe_quarter_fe_project_age_bin_fe
quarter,CONTROL_C03,any_publication,-6,0.013440,0.028814,0.640905,-0.043036,0.069916,2024Q2,app_fe_quarter_fe_project_age_bin_fe
quarter,CONTROL_C03,any_publication,-5,-0.004090,0.021173,0.846811,-0.045589,0.037408,2024Q2,app_fe_quarter_fe_project_age_bin_fe
quarter,CONTROL_C03,any_publication,-4,0.017884,0.025950,0.490716,-0.032978,0.068746,2024Q2,app_fe_quarter_fe_project_age_bin_fe
quarter,CONTROL_C03,any_publication,-3,-0.019304,0.030226,0.523054,-0.078547,0.039940,2024Q2,app_fe_quarter_fe_project_age_bin_fe
quarter,CONTROL_C03,any_publication,-2,-0.020478,0.026743,0.443844,-0.072895,0.031939,2024Q2,app_fe_quarter_fe_project_age_bin_fe
quarter,CONTROL_C03,any_publication,0,-0.028475,0.032035,0.374064,-0.091263,0.034313,2024Q2,app_fe_quarter_fe_project_age_bin_fe
quarter,CONTROL_C03,any_publication,1,-0.025229,0.030379,0.406276,-0.084772,0.034314,2024Q2,app_fe_quarter_fe_project_age_bin_fe
quarter,CONTROL_C03,any_publication,2,0.010551,0.025284,0.676453,-0.039005,0.060107,2024Q2,app_fe_quarter_fe_project_age_bin_fe
quarter,CONTROL_C03,any_publication,3,-0.022444,0.030469,0.461353,-0.082164,0.037275,2024Q2,app_fe_quarter_fe_project_age_bin_fe
quarter,CONTROL_C03,any_publication,4,-0.004412,0.025090,0.860424,-0.053588,0.044765,2024Q2,app_fe_quarter_fe_project_age_bin_fe
quarter,CONTROL_C03,any_publication,5,0.025415,0.025222,0.313618,-0.024020,0.074850,2024Q2,app_fe_quarter_fe_project_age_bin_fe
quarter,CONTROL_C03,any_publication,6,0.012387,0.027531,0.652750,-0.041573,0.066347,2024Q2,app_fe_quarter_fe_project_age_bin_fe
quarter,CONTROL_C03,any_publication,7,-0.010515,0.025413,0.679054,-0.060324,0.039295,2024Q2,app_fe_quarter_fe_project_age_bin_fe
quarter,CONTROL_C05,publication_count,-8,-0.106528,0.051781,0.039659,-0.208019,-0.005037,2024Q2,app_fe_quarter_fe_project_age_bin_fe
quarter,CONTROL_C05,publication_count,-7,-0.027302,0.054494,0.616362,-0.134110,0.079506,2024Q2,app_fe_quarter_fe_project_age_bin_fe
quarter,CONTROL_C05,publication_count,-6,0.041090,0.035010,0.240540,-0.027531,0.109710,2024Q2,app_fe_quarter_fe_project_age_bin_fe
quarter,CONTROL_C05,publication_count,-5,-0.052988,0.060385,0.380217,-0.171342,0.065367,2024Q2,app_fe_quarter_fe_project_age_bin_fe
quarter,CONTROL_C05,publication_count,-4,0.014523,0.030146,0.629988,-0.044564,0.073610,2024Q2,app_fe_quarter_fe_project_age_bin_fe
quarter,CONTROL_C05,publication_count,-3,-0.028938,0.045606,0.525734,-0.118326,0.060449,2024Q2,app_fe_quarter_fe_project_age_bin_fe
quarter,CONTROL_C05,publication_count,-2,-0.025588,0.039897,0.521295,-0.103786,0.052610,2024Q2,app_fe_quarter_fe_project_age_bin_fe
quarter,CONTROL_C05,publication_count,0,-0.014393,0.061626,0.815326,-0.135180,0.106393,2024Q2,app_fe_quarter_fe_project_age_bin_fe
quarter,CONTROL_C05,publication_count,1,-0.011758,0.046103,0.798691,-0.102119,0.078603,2024Q2,app_fe_quarter_fe_project_age_bin_fe
quarter,CONTROL_C05,publication_count,2,0.029734,0.051094,0.560600,-0.070410,0.129879,2024Q2,app_fe_quarter_fe_project_age_bin_fe
quarter,CONTROL_C05,publication_count,3,-0.002749,0.046230,0.952575,-0.093360,0.087861,2024Q2,app_fe_quarter_fe_project_age_bin_fe
quarter,CONTROL_C05,publication_count,4,-0.006930,0.041243,0.866561,-0.087766,0.073906,2024Q2,app_fe_quarter_fe_project_age_bin_fe
quarter,CONTROL_C05,publication_count,5,0.059176,0.034324,0.084702,-0.008099,0.126452,2024Q2,app_fe_quarter_fe_project_age_bin_fe
quarter,CONTROL_C05,publication_count,6,-0.042996,0.055300,0.436862,-0.151383,0.065392,2024Q2,app_fe_quarter_fe_project_age_bin_fe
quarter,CONTROL_C05,publication_count,7,0.019518,0.033857,0.564276,-0.046840,0.085877,2024Q2,app_fe_quarter_fe_project_age_bin_fe
quarter,CONTROL_C05,any_publication,-8,-0.052417,0.036744,0.153716,-0.124436,0.019602,2024Q2,app_fe_quarter_fe_project_age_bin_fe
quarter,CONTROL_C05,any_publication,-7,0.018570,0.025724,0.470352,-0.031849,0.068989,2024Q2,app_fe_quarter_fe_project_age_bin_fe
quarter,CONTROL_C05,any_publication,-6,0.022011,0.029746,0.459326,-0.036292,0.080313,2024Q2,app_fe_quarter_fe_project_age_bin_fe
quarter,CONTROL_C05,any_publication,-5,0.004268,0.022502,0.849568,-0.039835,0.048371,2024Q2,app_fe_quarter_fe_project_age_bin_fe
quarter,CONTROL_C05,any_publication,-4,0.017292,0.025754,0.501963,-0.033187,0.067770,2024Q2,app_fe_quarter_fe_project_age_bin_fe
quarter,CONTROL_C05,any_publication,-3,-0.011131,0.031009,0.719614,-0.071909,0.049646,2024Q2,app_fe_quarter_fe_project_age_bin_fe
quarter,CONTROL_C05,any_publication,-2,-0.020586,0.026540,0.437948,-0.072604,0.031432,2024Q2,app_fe_quarter_fe_project_age_bin_fe
quarter,CONTROL_C05,any_publication,0,-0.020414,0.032725,0.532755,-0.084555,0.043727,2024Q2,app_fe_quarter_fe_project_age_bin_fe
quarter,CONTROL_C05,any_publication,1,-0.017190,0.031126,0.580750,-0.078196,0.043816,2024Q2,app_fe_quarter_fe_project_age_bin_fe
quarter,CONTROL_C05,any_publication,2,0.018409,0.026207,0.482395,-0.032956,0.069775,2024Q2,app_fe_quarter_fe_project_age_bin_fe
quarter,CONTROL_C05,any_publication,3,-0.014531,0.031179,0.641194,-0.075642,0.046581,2024Q2,app_fe_quarter_fe_project_age_bin_fe
quarter,CONTROL_C05,any_publication,4,-0.004505,0.024911,0.856501,-0.053330,0.044321,2024Q2,app_fe_quarter_fe_project_age_bin_fe
quarter,CONTROL_C05,any_publication,5,0.025092,0.025044,0.316394,-0.023995,0.074179,2024Q2,app_fe_quarter_fe_project_age_bin_fe
quarter,CONTROL_C05,any_publication,6,0.020123,0.028314,0.477270,-0.035373,0.075619,2024Q2,app_fe_quarter_fe_project_age_bin_fe
quarter,CONTROL_C05,any_publication,7,-0.002793,0.026290,0.915404,-0.054320,0.048735,2024Q2,app_fe_quarter_fe_project_age_bin_fe
quarter,CONTROL_C06,publication_count,-8,-0.078360,0.049005,0.109819,-0.174410,0.017690,2024Q2,app_fe_quarter_fe_project_age_bin_fe
quarter,CONTROL_C06,publication_count,-7,-0.077432,0.050127,0.122414,-0.175681,0.020817,2024Q2,app_fe_quarter_fe_project_age_bin_fe
quarter,CONTROL_C06,publication_count,-6,-0.079757,0.060594,0.188090,-0.198521,0.039007,2024Q2,app_fe_quarter_fe_project_age_bin_fe
quarter,CONTROL_C06,publication_count,-5,-0.079736,0.047382,0.092406,-0.172605,0.013132,2024Q2,app_fe_quarter_fe_project_age_bin_fe
quarter,CONTROL_C06,publication_count,-4,-0.009982,0.043902,0.820135,-0.096030,0.076066,2024Q2,app_fe_quarter_fe_project_age_bin_fe
quarter,CONTROL_C06,publication_count,-3,0.049275,0.047663,0.301223,-0.044145,0.142694,2024Q2,app_fe_quarter_fe_project_age_bin_fe
quarter,CONTROL_C06,publication_count,-2,-0.108268,0.047312,0.022115,-0.200999,-0.015537,2024Q2,app_fe_quarter_fe_project_age_bin_fe
quarter,CONTROL_C06,publication_count,0,-0.119563,0.054727,0.028909,-0.226828,-0.012298,2024Q2,app_fe_quarter_fe_project_age_bin_fe
quarter,CONTROL_C06,publication_count,1,-0.043537,0.039896,0.275162,-0.121733,0.034660,2024Q2,app_fe_quarter_fe_project_age_bin_fe
quarter,CONTROL_C06,publication_count,2,-0.105091,0.046532,0.023917,-0.196295,-0.013888,2024Q2,app_fe_quarter_fe_project_age_bin_fe
quarter,CONTROL_C06,publication_count,3,-0.078801,0.048522,0.104371,-0.173904,0.016302,2024Q2,app_fe_quarter_fe_project_age_bin_fe
quarter,CONTROL_C06,publication_count,4,-0.054861,0.048271,0.255741,-0.149473,0.039751,2024Q2,app_fe_quarter_fe_project_age_bin_fe
quarter,CONTROL_C06,publication_count,5,-0.070765,0.055370,0.201233,-0.179291,0.037760,2024Q2,app_fe_quarter_fe_project_age_bin_fe
quarter,CONTROL_C06,publication_count,6,-0.122937,0.049858,0.013672,-0.220658,-0.025216,2024Q2,app_fe_quarter_fe_project_age_bin_fe
quarter,CONTROL_C06,publication_count,7,-0.040170,0.050059,0.422285,-0.138286,0.057945,2024Q2,app_fe_quarter_fe_project_age_bin_fe
quarter,CONTROL_C06,any_publication,-8,-0.027135,0.030621,0.375544,-0.087152,0.032883,2024Q2,app_fe_quarter_fe_project_age_bin_fe
quarter,CONTROL_C06,any_publication,-7,-0.045418,0.031449,0.148687,-0.107058,0.016222,2024Q2,app_fe_quarter_fe_project_age_bin_fe
quarter,CONTROL_C06,any_publication,-6,-0.010814,0.030752,0.725103,-0.071087,0.049459,2024Q2,app_fe_quarter_fe_project_age_bin_fe
quarter,CONTROL_C06,any_publication,-5,0.011153,0.026777,0.677042,-0.041329,0.063634,2024Q2,app_fe_quarter_fe_project_age_bin_fe
quarter,CONTROL_C06,any_publication,-4,-0.011382,0.028269,0.687208,-0.066790,0.044025,2024Q2,app_fe_quarter_fe_project_age_bin_fe
quarter,CONTROL_C06,any_publication,-3,0.026210,0.027727,0.344509,-0.028135,0.080555,2024Q2,app_fe_quarter_fe_project_age_bin_fe
quarter,CONTROL_C06,any_publication,-2,-0.047883,0.027320,0.079661,-0.101430,0.005665,2024Q2,app_fe_quarter_fe_project_age_bin_fe
quarter,CONTROL_C06,any_publication,0,-0.045794,0.028449,0.107467,-0.101555,0.009966,2024Q2,app_fe_quarter_fe_project_age_bin_fe
quarter,CONTROL_C06,any_publication,1,-0.019848,0.026332,0.450998,-0.071458,0.031763,2024Q2,app_fe_quarter_fe_project_age_bin_fe
quarter,CONTROL_C06,any_publication,2,-0.048483,0.026018,0.062404,-0.099479,0.002513,2024Q2,app_fe_quarter_fe_project_age_bin_fe
quarter,CONTROL_C06,any_publication,3,-0.051164,0.028685,0.074485,-0.107388,0.005059,2024Q2,app_fe_quarter_fe_project_age_bin_fe
quarter,CONTROL_C06,any_publication,4,-0.034498,0.027644,0.212053,-0.088679,0.019684,2024Q2,app_fe_quarter_fe_project_age_bin_fe
quarter,CONTROL_C06,any_publication,5,-0.030238,0.028042,0.280899,-0.085202,0.024725,2024Q2,app_fe_quarter_fe_project_age_bin_fe
quarter,CONTROL_C06,any_publication,6,-0.045171,0.028047,0.107276,-0.100142,0.009801,2024Q2,app_fe_quarter_fe_project_age_bin_fe
quarter,CONTROL_C06,any_publication,7,-0.020230,0.026986,0.453473,-0.073122,0.032663,2024Q2,app_fe_quarter_fe_project_age_bin_fe
