issue_type,app_id,pub_id,publication_date,project_start_date,date_pub_raw,year_pub,details
publication_before_project_start,7155,464,2013-12-13,2014-06-01,2013-12-13,2013,excluded_from_panel_event_counts
publication_before_project_start,7155,465,2014-05-26,2014-06-01,2014-05-26,2014,excluded_from_panel_event_counts
publication_before_project_start,7155,509,2013-11-25,2014-06-01,2013-11-25,2013,excluded_from_panel_event_counts
after_main_complete_panel_window,11559,20334,2026-07-09,2016-04-30,2026-07-09,2026,excluded_from_main_quarterly_monthly_window
after_main_complete_panel_window,12113,20451,2026-07-03,2015-08-01,2026-07-03,2026,excluded_from_main_quarterly_monthly_window
after_main_complete_panel_window,15152,20271,2026-07-15,2016-01-01,2026-07-15,2026,excluded_from_main_quarterly_monthly_window
after_main_complete_panel_window,15255,20404,2026-07-08,2016-05-01,2026-07-08,2026,excluded_from_main_quarterly_monthly_window
after_main_complete_panel_window,15326,20260,2026-07-16,2015-10-03,2026-07-16,2026,excluded_from_main_quarterly_monthly_window
publication_before_project_start,15697,4564,2016-11-30,2017-06-01,2016-11-30,2016,excluded_from_panel_event_counts
after_main_complete_panel_window,16389,20421,2026-07-06,2015-12-01,2026-07-06,2026,excluded_from_main_quarterly_monthly_window
after_main_complete_panel_window,17731,20292,2026-07-13,2017-01-24,2026-07-13,2026,excluded_from_main_quarterly_monthly_window
after_main_complete_panel_window,17847,20332,2026-07-09,2016-02-05,2026-07-09,2026,excluded_from_main_quarterly_monthly_window
after_main_complete_panel_window,17984,20291,2026-07-13,2016-03-01,2026-07-13,2026,excluded_from_main_quarterly_monthly_window
after_main_complete_panel_window,20915,20467,2026-07-02,2017-02-01,2026-07-02,2026,excluded_from_main_quarterly_monthly_window
after_main_complete_panel_window,23889,20383,2026-07-07,2016-11-28,2026-07-07,2026,excluded_from_main_quarterly_monthly_window
after_main_complete_panel_window,24983,20470,2026-07-01,2017-02-16,2026-07-01,2026,excluded_from_main_quarterly_monthly_window
after_main_complete_panel_window,25163,20465,2026-07-02,2017-02-05,2026-07-02,2026,excluded_from_main_quarterly_monthly_window
after_main_complete_panel_window,25813,20362,2026-07-15,2018-03-21,2026-07-15,2026,excluded_from_main_quarterly_monthly_window
publication_before_project_start,26209,8462,2017-03-01,2017-05-15,2017-03-01,2017,excluded_from_panel_event_counts
after_main_complete_panel_window,27412,20280,2026-07-14,2017-04-21,2026-07-14,2026,excluded_from_main_quarterly_monthly_window
after_main_complete_panel_window,27412,20402,2026-07-08,2017-04-21,2026-07-08,2026,excluded_from_main_quarterly_monthly_window
after_main_complete_panel_window,29900,20269,2026-07-15,2017-08-01,2026-07-15,2026,excluded_from_main_quarterly_monthly_window
after_main_complete_panel_window,32568,20420,2026-07-06,2015-12-01,2026-07-06,2026,excluded_from_main_quarterly_monthly_window
after_main_complete_panel_window,33883,20315,2026-07-10,2019-02-22,2026-07-10,2026,excluded_from_main_quarterly_monthly_window
after_main_complete_panel_window,34031,20449,2026-07-03,2018-04-06,2026-07-03,2026,excluded_from_main_quarterly_monthly_window
after_main_complete_panel_window,41655,20381,2026-07-08,2019-04-26,2026-07-08,2026,excluded_from_main_quarterly_monthly_window
after_main_complete_panel_window,41975,20473,2026-07-01,2018-11-02,2026-07-01,2026,excluded_from_main_quarterly_monthly_window
after_main_complete_panel_window,44165,20316,2026-07-10,2018-11-26,2026-07-10,2026,excluded_from_main_quarterly_monthly_window
after_main_complete_panel_window,44430,20436,2026-07-04,2019-07-04,2026-07-04,2026,excluded_from_main_quarterly_monthly_window
after_main_complete_panel_window,45551,20319,2026-07-10,2019-12-17,2026-07-10,2026,excluded_from_main_quarterly_monthly_window
after_main_complete_panel_window,47137,20434,2026-07-04,2019-02-13,2026-07-04,2026,excluded_from_main_quarterly_monthly_window
after_main_complete_panel_window,47267,20289,2026-07-13,2019-03-25,2026-07-13,2026,excluded_from_main_quarterly_monthly_window
after_main_complete_panel_window,47656,20334,2026-07-09,2021-03-09,2026-07-09,2026,excluded_from_main_quarterly_monthly_window
after_main_complete_panel_window,48152,20337,2026-07-09,2019-06-18,2026-07-09,2026,excluded_from_main_quarterly_monthly_window
after_main_complete_panel_window,49966,20422,2026-07-06,2019-05-29,2026-07-06,2026,excluded_from_main_quarterly_monthly_window
publication_before_project_start,51119,5435,2020-01-01,2020-03-29,2020-01-01,2020,excluded_from_panel_event_counts
publication_before_project_start,51119,5983,2020-01-01,2020-03-29,2020-01-01,2020,excluded_from_panel_event_counts
after_main_complete_panel_window,51119,20322,2026-07-10,2020-03-29,2026-07-10,2026,excluded_from_main_quarterly_monthly_window
after_main_complete_panel_window,52632,20342,2026-07-09,2019-11-20,2026-07-09,2026,excluded_from_main_quarterly_monthly_window
after_main_complete_panel_window,53641,20314,2026-07-10,2019-12-09,2026-07-10,2026,excluded_from_main_quarterly_monthly_window
after_main_complete_panel_window,55005,20310,2026-07-11,2020-01-14,2026-07-11,2026,excluded_from_main_quarterly_monthly_window
after_main_complete_panel_window,55870,20311,2026-07-11,2020-03-02,2026-07-11,2026,excluded_from_main_quarterly_monthly_window
after_main_complete_panel_window,56483,20481,2026-07-01,2019-12-24,2026-07-01,2026,excluded_from_main_quarterly_monthly_window
after_main_complete_panel_window,56514,20320,2026-07-10,2020-03-11,2026-07-10,2026,excluded_from_main_quarterly_monthly_window
after_main_complete_panel_window,57947,20367,2026-07-13,2020-10-06,2026-07-13,2026,excluded_from_main_quarterly_monthly_window
after_main_complete_panel_window,60651,20369,2026-07-13,2020-03-30,2026-07-13,2026,excluded_from_main_quarterly_monthly_window
after_main_complete_panel_window,61083,20272,2026-07-15,2020-04-30,2026-07-15,2026,excluded_from_main_quarterly_monthly_window
after_main_complete_panel_window,61083,20276,2026-07-15,2020-04-30,2026-07-15,2026,excluded_from_main_quarterly_monthly_window
after_main_complete_panel_window,61083,20407,2026-07-08,2020-04-30,2026-07-08,2026,excluded_from_main_quarterly_monthly_window
after_main_complete_panel_window,61856,20284,2026-07-14,2020-09-17,2026-07-14,2026,excluded_from_main_quarterly_monthly_window
after_main_complete_panel_window,61856,20459,2026-07-02,2020-09-17,2026-07-02,2026,excluded_from_main_quarterly_monthly_window
after_main_complete_panel_window,63454,20450,2026-07-03,2020-06-24,2026-07-03,2026,excluded_from_main_quarterly_monthly_window
after_main_complete_panel_window,64426,20477,2026-07-01,2021-07-07,2026-07-01,2026,excluded_from_main_quarterly_monthly_window
publication_before_project_start,64689,4274,2021-06-15,2021-07-14,2021-06-15,2021,excluded_from_panel_event_counts
publication_before_project_start,64689,5279,2021-05-06,2021-07-14,2021-05-06,2021,excluded_from_panel_event_counts
after_main_complete_panel_window,66267,20312,2026-07-10,2021-01-27,2026-07-10,2026,excluded_from_main_quarterly_monthly_window
publication_before_project_start,66911,4125,2021-03-10,2021-05-13,2021-03-10,2021,excluded_from_panel_event_counts
after_main_complete_panel_window,67048,20277,2026-07-14,2021-04-22,2026-07-14,2026,excluded_from_main_quarterly_monthly_window
after_main_complete_panel_window,67654,20361,2026-07-15,2022-02-28,2026-07-15,2026,excluded_from_main_quarterly_monthly_window
after_main_complete_panel_window,67855,20487,2026-07-01,2021-05-28,2026-07-01,2026,excluded_from_main_quarterly_monthly_window
after_main_complete_panel_window,68906,20472,2026-07-01,2021-04-07,2026-07-01,2026,excluded_from_main_quarterly_monthly_window
after_main_complete_panel_window,69476,20331,2026-07-09,2021-03-30,2026-07-09,2026,excluded_from_main_quarterly_monthly_window
after_main_complete_panel_window,69550,20413,2026-07-07,2021-02-02,2026-07-07,2026,excluded_from_main_quarterly_monthly_window
after_main_complete_panel_window,70034,20264,2026-07-16,2021-05-19,2026-07-16,2026,excluded_from_main_quarterly_monthly_window
after_main_complete_panel_window,70034,20326,2026-07-10,2021-05-19,2026-07-10,2026,excluded_from_main_quarterly_monthly_window
after_main_complete_panel_window,71392,20300,2026-07-13,2023-03-03,2026-07-13,2026,excluded_from_main_quarterly_monthly_window
after_main_complete_panel_window,71392,20463,2026-07-02,2023-03-03,2026-07-02,2026,excluded_from_main_quarterly_monthly_window
after_main_complete_panel_window,75556,20324,2026-07-10,2021-12-08,2026-07-10,2026,excluded_from_main_quarterly_monthly_window
after_main_complete_panel_window,75807,20489,2026-07-01,2021-12-08,2026-07-01,2026,excluded_from_main_quarterly_monthly_window
after_main_complete_panel_window,76139,20306,2026-07-11,2022-06-01,2026-07-11,2026,excluded_from_main_quarterly_monthly_window
after_main_complete_panel_window,76593,20328,2026-07-09,2022-02-08,2026-07-09,2026,excluded_from_main_quarterly_monthly_window
after_main_complete_panel_window,76670,20288,2026-07-13,2021-10-11,2026-07-13,2026,excluded_from_main_quarterly_monthly_window
after_main_complete_panel_window,76765,20286,2026-07-13,2021-11-05,2026-07-13,2026,excluded_from_main_quarterly_monthly_window
after_main_complete_panel_window,77646,20336,2026-07-09,2022-02-24,2026-07-09,2026,excluded_from_main_quarterly_monthly_window
after_main_complete_panel_window,77740,20468,2026-07-02,2021-12-08,2026-07-02,2026,excluded_from_main_quarterly_monthly_window
after_main_complete_panel_window,78619,20318,2026-07-10,2022-02-24,2026-07-10,2026,excluded_from_main_quarterly_monthly_window
after_main_complete_panel_window,78619,20380,2026-07-08,2022-02-24,2026-07-08,2026,excluded_from_main_quarterly_monthly_window
publication_before_project_start,78867,12443,2022-04-01,2022-04-29,2022-04-01,2022,excluded_from_panel_event_counts
after_main_complete_panel_window,79095,20327,2026-07-10,2022-03-31,2026-07-10,2026,excluded_from_main_quarterly_monthly_window
after_main_complete_panel_window,80337,20480,2026-07-01,2022-05-19,2026-07-01,2026,excluded_from_main_quarterly_monthly_window
after_main_complete_panel_window,80476,20297,2026-07-13,2022-02-22,2026-07-13,2026,excluded_from_main_quarterly_monthly_window
after_main_complete_panel_window,80843,20298,2026-07-13,2021-12-07,2026-07-13,2026,excluded_from_main_quarterly_monthly_window
after_main_complete_panel_window,80843,20299,2026-07-13,2021-12-07,2026-07-13,2026,excluded_from_main_quarterly_monthly_window
after_main_complete_panel_window,81499,20268,2026-07-15,2022-05-19,2026-07-15,2026,excluded_from_main_quarterly_monthly_window
publication_before_project_start,81508,12332,2022-06-21,2022-07-27,2022-06-21,2022,excluded_from_panel_event_counts
after_main_complete_panel_window,82056,20418,2026-07-06,2022-04-13,2026-07-06,2026,excluded_from_main_quarterly_monthly_window
publication_before_project_start,82213,12263,2022-08-24,2022-09-14,2022-08-24,2022,excluded_from_panel_event_counts
after_main_complete_panel_window,83339,20416,2026-07-06,2022-03-18,2026-07-06,2026,excluded_from_main_quarterly_monthly_window
after_main_complete_panel_window,83445,20287,2026-07-13,2022-03-09,2026-07-13,2026,excluded_from_main_quarterly_monthly_window
after_main_complete_panel_window,83990,20464,2026-07-02,2022-06-07,2026-07-02,2026,excluded_from_main_quarterly_monthly_window
after_main_complete_panel_window,84709,20368,2026-07-13,2022-02-22,2026-07-13,2026,excluded_from_main_quarterly_monthly_window
after_main_complete_panel_window,86931,20321,2026-07-10,2022-11-11,2026-07-10,2026,excluded_from_main_quarterly_monthly_window
after_main_complete_panel_window,88924,20430,2026-07-04,2022-11-29,2026-07-04,2026,excluded_from_main_quarterly_monthly_window
after_main_complete_panel_window,89329,20309,2026-07-11,2022-09-20,2026-07-11,2026,excluded_from_main_quarterly_monthly_window
publication_before_project_start,89483,11151,2023-03-01,2023-03-29,2023-03-01,2023,excluded_from_panel_event_counts
after_main_complete_panel_window,89514,20282,2026-07-14,2022-07-14,2026-07-14,2026,excluded_from_main_quarterly_monthly_window
after_main_complete_panel_window,90492,20452,2026-07-03,2022-06-21,2026-07-03,2026,excluded_from_main_quarterly_monthly_window
after_main_complete_panel_window,91026,20485,2026-07-01,2022-09-16,2026-07-01,2026,excluded_from_main_quarterly_monthly_window
after_main_complete_panel_window,91982,20338,2026-07-09,2022-12-22,2026-07-09,2026,excluded_from_main_quarterly_monthly_window
after_main_complete_panel_window,92098,20341,2026-07-15,2023-05-18,2026-07-15,2026,excluded_from_main_quarterly_monthly_window
after_main_complete_panel_window,92261,20424,2026-07-06,2023-02-16,2026-07-06,2026,excluded_from_main_quarterly_monthly_window
after_main_complete_panel_window,92668,20471,2026-07-01,2022-08-25,2026-07-01,2026,excluded_from_main_quarterly_monthly_window
after_main_complete_panel_window,92675,20287,2026-07-13,2022-11-29,2026-07-13,2026,excluded_from_main_quarterly_monthly_window
after_main_complete_panel_window,92718,20488,2026-07-01,2022-08-25,2026-07-01,2026,excluded_from_main_quarterly_monthly_window
after_main_complete_panel_window,92773,20475,2026-07-01,2024-02-28,2026-07-01,2026,excluded_from_main_quarterly_monthly_window
after_main_complete_panel_window,94579,20460,2026-07-02,2023-01-31,2026-07-02,2026,excluded_from_main_quarterly_monthly_window
after_main_complete_panel_window,94885,20458,2026-07-02,2023-03-13,2026-07-02,2026,excluded_from_main_quarterly_monthly_window
after_main_complete_panel_window,95259,20409,2026-07-08,2023-01-11,2026-07-08,2026,excluded_from_main_quarterly_monthly_window
after_main_complete_panel_window,95829,20491,2026-07-01,2023-05-12,2026-07-01,2026,excluded_from_main_quarterly_monthly_window
after_main_complete_panel_window,96083,20417,2026-07-06,2022-11-15,2026-07-06,2026,excluded_from_main_quarterly_monthly_window
publication_before_project_start,97089,10247,2023-07-07,2023-09-20,2023-07-07,2023,excluded_from_panel_event_counts
after_main_complete_panel_window,98130,20454,2026-07-03,2023-02-28,2026-07-03,2026,excluded_from_main_quarterly_monthly_window
after_main_complete_panel_window,98651,20442,2026-07-03,2023-03-02,2026-07-03,2026,excluded_from_main_quarterly_monthly_window
after_main_complete_panel_window,99001,20279,2026-07-14,2023-01-31,2026-07-14,2026,excluded_from_main_quarterly_monthly_window
after_main_complete_panel_window,99001,20478,2026-07-01,2023-01-31,2026-07-01,2026,excluded_from_main_quarterly_monthly_window
after_main_complete_panel_window,99491,20323,2026-07-10,2023-07-03,2026-07-10,2026,excluded_from_main_quarterly_monthly_window
after_main_complete_panel_window,99573,20266,2026-07-16,2023-04-17,2026-07-16,2026,excluded_from_main_quarterly_monthly_window
after_main_complete_panel_window,99709,20405,2026-07-08,2023-03-29,2026-07-08,2026,excluded_from_main_quarterly_monthly_window
after_main_complete_panel_window,101294,20483,2026-07-01,2023-12-05,2026-07-01,2026,excluded_from_main_quarterly_monthly_window
after_main_complete_panel_window,101819,20313,2026-07-10,2023-05-26,2026-07-10,2026,excluded_from_main_quarterly_monthly_window
publication_before_project_start,102444,9486,2023-09-22,2023-09-27,2023-09-22,2023,excluded_from_panel_event_counts
after_main_complete_panel_window,103356,20456,2026-07-02,2023-09-07,2026-07-02,2026,excluded_from_main_quarterly_monthly_window
after_main_complete_panel_window,103770,20435,2026-07-04,2023-08-09,2026-07-04,2026,excluded_from_main_quarterly_monthly_window
after_main_complete_panel_window,104086,20382,2026-07-08,2023-09-14,2026-07-08,2026,excluded_from_main_quarterly_monthly_window
after_main_complete_panel_window,104628,20273,2026-07-15,2023-08-18,2026-07-15,2026,excluded_from_main_quarterly_monthly_window
after_main_complete_panel_window,104628,20419,2026-07-06,2023-08-18,2026-07-06,2026,excluded_from_main_quarterly_monthly_window
after_main_complete_panel_window,105139,20293,2026-07-13,2023-08-31,2026-07-13,2026,excluded_from_main_quarterly_monthly_window
after_main_complete_panel_window,105945,20414,2026-07-07,2023-11-06,2026-07-07,2026,excluded_from_main_quarterly_monthly_window
after_main_complete_panel_window,106487,20403,2026-07-08,2023-06-29,2026-07-08,2026,excluded_from_main_quarterly_monthly_window
after_main_complete_panel_window,106707,20333,2026-07-09,2023-11-16,2026-07-09,2026,excluded_from_main_quarterly_monthly_window
after_main_complete_panel_window,107451,20401,2026-07-08,2023-08-31,2026-07-08,2026,excluded_from_main_quarterly_monthly_window
after_main_complete_panel_window,109828,20423,2026-07-06,2023-09-07,2026-07-06,2026,excluded_from_main_quarterly_monthly_window
after_main_complete_panel_window,113769,20303,2026-07-13,2023-09-13,2026-07-13,2026,excluded_from_main_quarterly_monthly_window
after_main_complete_panel_window,116198,20444,2026-07-03,2023-09-22,2026-07-03,2026,excluded_from_main_quarterly_monthly_window
publication_before_project_start,117185,8807,2023-10-24,2023-11-30,2023-10-24,2023,excluded_from_panel_event_counts
publication_before_project_start,117185,9259,2023-11-22,2023-11-30,2023-11-22,2023,excluded_from_panel_event_counts
after_main_complete_panel_window,124751,20265,2026-07-16,2023-11-23,2026-07-16,2026,excluded_from_main_quarterly_monthly_window
after_main_complete_panel_window,132578,20490,2026-07-01,2024-10-08,2026-07-01,2026,excluded_from_main_quarterly_monthly_window
after_main_complete_panel_window,138512,20317,2026-07-10,2024-10-03,2026-07-10,2026,excluded_from_main_quarterly_monthly_window
after_main_complete_panel_window,144904,20493,2026-07-01,2024-01-04,2026-07-01,2026,excluded_from_main_quarterly_monthly_window
after_main_complete_panel_window,147093,20261,2026-07-16,2024-01-26,2026-07-16,2026,excluded_from_main_quarterly_monthly_window
after_main_complete_panel_window,148742,20474,2026-07-01,2023-11-21,2026-07-01,2026,excluded_from_main_quarterly_monthly_window
after_main_complete_panel_window,148885,20440,2026-07-03,2024-01-04,2026-07-03,2026,excluded_from_main_quarterly_monthly_window
after_main_complete_panel_window,150455,20492,2026-07-01,2024-10-17,2026-07-01,2026,excluded_from_main_quarterly_monthly_window
after_main_complete_panel_window,170605,20437,2026-07-03,2024-04-10,2026-07-03,2026,excluded_from_main_quarterly_monthly_window
publication_before_project_start,194423,13652,2024-09-17,2024-10-30,2024-09-17,2024,excluded_from_panel_event_counts
after_main_complete_panel_window,194423,20426,2026-07-06,2024-10-30,2026-07-06,2026,excluded_from_main_quarterly_monthly_window
after_main_complete_panel_window,194423,20433,2026-07-04,2024-10-30,2026-07-04,2026,excluded_from_main_quarterly_monthly_window
after_main_complete_panel_window,194423,20461,2026-07-02,2024-10-30,2026-07-02,2026,excluded_from_main_quarterly_monthly_window
publication_before_project_start,202239,14180,2024-11-22,2024-12-04,2024-11-22,2024,excluded_from_panel_event_counts
after_main_complete_panel_window,206552,20365,2026-07-14,2024-10-03,2026-07-14,2026,excluded_from_main_quarterly_monthly_window
after_main_complete_panel_window,206552,20429,2026-07-04,2024-10-03,2026-07-04,2026,excluded_from_main_quarterly_monthly_window
after_main_complete_panel_window,206612,20340,2026-07-16,2024-11-22,2026-07-16,2026,excluded_from_main_quarterly_monthly_window
after_main_complete_panel_window,211772,20447,2026-07-03,2024-10-03,2026-07-03,2026,excluded_from_main_quarterly_monthly_window
after_main_complete_panel_window,211772,20482,2026-07-01,2024-10-03,2026-07-01,2026,excluded_from_main_quarterly_monthly_window
publication_before_project_start,226023,12925,2024-01-01,2025-07-25,2024-01-01,2024,excluded_from_panel_event_counts
after_main_complete_panel_window,232231,20290,2026-07-13,2025-08-19,2026-07-13,2026,excluded_from_main_quarterly_monthly_window
after_main_complete_panel_window,249728,20295,2026-07-13,2024-10-09,2026-07-13,2026,excluded_from_main_quarterly_monthly_window
after_main_complete_panel_window,276785,20448,2026-07-03,2024-12-18,2026-07-03,2026,excluded_from_main_quarterly_monthly_window
after_main_complete_panel_window,347405,20486,2026-07-01,2024-11-25,2026-07-01,2026,excluded_from_main_quarterly_monthly_window
after_main_complete_panel_window,363248,20366,2026-07-13,2024-10-24,2026-07-13,2026,excluded_from_main_quarterly_monthly_window
after_main_complete_panel_window,378095,20308,2026-07-11,2024-10-24,2026-07-11,2026,excluded_from_main_quarterly_monthly_window
after_main_complete_panel_window,406475,20329,2026-07-09,2024-11-29,2026-07-09,2026,excluded_from_main_quarterly_monthly_window
after_main_complete_panel_window,419342,20325,2026-07-10,2024-10-07,2026-07-10,2026,excluded_from_main_quarterly_monthly_window
publication_before_project_start,420999,15373,2025-05-14,2025-08-18,2025-05-14,2025,excluded_from_panel_event_counts
after_main_complete_panel_window,420999,20288,2026-07-13,2025-08-18,2026-07-13,2026,excluded_from_main_quarterly_monthly_window
after_main_complete_panel_window,471488,20384,2026-07-07,2025-01-10,2026-07-07,2026,excluded_from_main_quarterly_monthly_window
after_main_complete_panel_window,471488,20445,2026-07-03,2025-01-10,2026-07-03,2026,excluded_from_main_quarterly_monthly_window
after_main_complete_panel_window,473136,20307,2026-07-11,2024-10-30,2026-07-11,2026,excluded_from_main_quarterly_monthly_window
publication_before_project_start,524293,16140,2025-07-18,2025-08-12,2025-07-18,2025,excluded_from_panel_event_counts
after_main_complete_panel_window,524293,20476,2026-07-01,2025-08-12,2026-07-01,2026,excluded_from_main_quarterly_monthly_window
after_main_complete_panel_window,528902,20484,2026-07-01,2025-01-09,2026-07-01,2026,excluded_from_main_quarterly_monthly_window
after_main_complete_panel_window,531620,20330,2026-07-09,2025-06-12,2026-07-09,2026,excluded_from_main_quarterly_monthly_window
after_main_complete_panel_window,532351,20335,2026-07-09,2025-04-05,2026-07-09,2026,excluded_from_main_quarterly_monthly_window
after_main_complete_panel_window,564893,20425,2026-07-06,2025-10-21,2026-07-06,2026,excluded_from_main_quarterly_monthly_window
after_main_complete_panel_window,569503,20441,2026-07-03,2025-07-15,2026-07-03,2026,excluded_from_main_quarterly_monthly_window
after_main_complete_panel_window,578405,20263,2026-07-16,2025-01-22,2026-07-16,2026,excluded_from_main_quarterly_monthly_window
after_main_complete_panel_window,592266,20427,2026-07-06,2025-04-30,2026-07-06,2026,excluded_from_main_quarterly_monthly_window
after_main_complete_panel_window,597582,20438,2026-07-03,2025-03-04,2026-07-03,2026,excluded_from_main_quarterly_monthly_window
publication_before_project_start,622952,18694,2023-01-01,2025-03-24,2023-01-01,2023,excluded_from_panel_event_counts
after_main_complete_panel_window,627915,20410,2026-07-08,2025-04-21,2026-07-08,2026,excluded_from_main_quarterly_monthly_window
after_main_complete_panel_window,629227,20385,2026-07-07,2025-02-19,2026-07-07,2026,excluded_from_main_quarterly_monthly_window
after_main_complete_panel_window,657275,20270,2026-07-15,2025-02-24,2026-07-15,2026,excluded_from_main_quarterly_monthly_window
after_main_complete_panel_window,742419,20296,2026-07-13,2025-04-17,2026-07-13,2026,excluded_from_main_quarterly_monthly_window
after_main_complete_panel_window,747364,20283,2026-07-14,2025-06-24,2026-07-14,2026,excluded_from_main_quarterly_monthly_window
after_main_complete_panel_window,772449,20411,2026-07-07,2025-06-27,2026-07-07,2026,excluded_from_main_quarterly_monthly_window
after_main_complete_panel_window,775083,20267,2026-07-16,2025-04-20,2026-07-16,2026,excluded_from_main_quarterly_monthly_window
after_main_complete_panel_window,965504,20455,2026-07-03,2025-09-04,2026-07-03,2026,excluded_from_main_quarterly_monthly_window
after_main_complete_panel_window,1002466,20304,2026-07-12,2025-11-05,2026-07-12,2026,excluded_from_main_quarterly_monthly_window
after_main_complete_panel_window,1034464,20432,2026-07-04,2025-09-28,2026-07-04,2026,excluded_from_main_quarterly_monthly_window
after_main_complete_panel_window,1099827,20386,2026-07-07,2026-01-03,2026-07-07,2026,excluded_from_main_quarterly_monthly_window
after_main_complete_panel_window,1126547,20412,2026-07-07,2026-01-21,2026-07-07,2026,excluded_from_main_quarterly_monthly_window
