age_band,month,month_start,post_start_incumbent_projects,unique_publication_ids,publication_intensity_per_100,post_transition
lt_2y,2019-01,2019-01-01,493,7,1.420,0
2_5y,2019-01,2019-01-01,409,31,7.579,0
5y_plus,2019-01,2019-01-01,43,2,4.651,0
lt_2y,2019-02,2019-02-01,519,6,1.156,0
2_5y,2019-02,2019-02-01,423,31,7.329,0
5y_plus,2019-02,2019-02-01,43,3,6.977,0
lt_2y,2019-03,2019-03-01,554,5,0.903,0
2_5y,2019-03,2019-03-01,436,25,5.734,0
5y_plus,2019-03,2019-03-01,47,0,0.000,0
lt_2y,2019-04,2019-04-01,563,2,0.355,0
2_5y,2019-04,2019-04-01,461,27,5.857,0
5y_plus,2019-04,2019-04-01,48,3,6.250,0
lt_2y,2019-05,2019-05-01,607,8,1.318,0
2_5y,2019-05,2019-05-01,476,32,6.723,0
5y_plus,2019-05,2019-05-01,49,3,6.122,0
lt_2y,2019-06,2019-06-01,623,9,1.445,0
2_5y,2019-06,2019-06-01,491,27,5.499,0
5y_plus,2019-06,2019-06-01,51,3,5.882,0
lt_2y,2019-07,2019-07-01,652,2,0.307,0
2_5y,2019-07,2019-07-01,503,30,5.964,0
5y_plus,2019-07,2019-07-01,60,4,6.667,0
lt_2y,2019-08,2019-08-01,671,0,0.000,0
2_5y,2019-08,2019-08-01,509,31,6.090,0
5y_plus,2019-08,2019-08-01,62,2,3.226,0
lt_2y,2019-09,2019-09-01,692,2,0.289,0
2_5y,2019-09,2019-09-01,511,27,5.284,0
5y_plus,2019-09,2019-09-01,70,3,4.286,0
lt_2y,2019-10,2019-10-01,731,8,1.094,0
2_5y,2019-10,2019-10-01,513,34,6.628,0
5y_plus,2019-10,2019-10-01,72,5,6.944,0
lt_2y,2019-11,2019-11-01,779,9,1.155,0
2_5y,2019-11,2019-11-01,516,31,6.008,0
5y_plus,2019-11,2019-11-01,73,6,8.219,0
lt_2y,2019-12,2019-12-01,808,8,0.990,0
2_5y,2019-12,2019-12-01,504,34,6.746,0
5y_plus,2019-12,2019-12-01,85,5,5.882,0
lt_2y,2020-01,2020-01-01,861,7,0.813,0
2_5y,2020-01,2020-01-01,495,30,6.061,0
5y_plus,2020-01,2020-01-01,94,5,5.319,0
lt_2y,2020-02,2020-02-01,894,4,0.447,0
2_5y,2020-02,2020-02-01,502,28,5.578,0
5y_plus,2020-02,2020-02-01,101,3,2.970,0
lt_2y,2020-03,2020-03-01,965,15,1.554,0
2_5y,2020-03,2020-03-01,519,32,6.166,0
5y_plus,2020-03,2020-03-01,104,8,7.692,0
lt_2y,2020-04,2020-04-01,997,6,0.602,0
2_5y,2020-04,2020-04-01,522,19,3.640,0
5y_plus,2020-04,2020-04-01,120,13,10.833,0
lt_2y,2020-05,2020-05-01,1019,12,1.178,0
2_5y,2020-05,2020-05-01,526,26,4.943,0
5y_plus,2020-05,2020-05-01,130,11,8.462,0
lt_2y,2020-06,2020-06-01,1061,14,1.320,0
2_5y,2020-06,2020-06-01,547,41,7.495,0
5y_plus,2020-06,2020-06-01,136,10,7.353,0
lt_2y,2020-07,2020-07-01,1076,11,1.022,0
2_5y,2020-07,2020-07-01,570,47,8.246,0
5y_plus,2020-07,2020-07-01,151,12,7.947,0
lt_2y,2020-08,2020-08-01,1100,12,1.091,0
2_5y,2020-08,2020-08-01,584,40,6.849,0
5y_plus,2020-08,2020-08-01,162,12,7.407,0
lt_2y,2020-09,2020-09-01,1103,11,0.997,0
2_5y,2020-09,2020-09-01,604,32,5.298,0
5y_plus,2020-09,2020-09-01,185,10,5.405,0
lt_2y,2020-10,2020-10-01,1092,18,1.648,0
2_5y,2020-10,2020-10-01,611,34,5.565,0
5y_plus,2020-10,2020-10-01,218,14,6.422,0
lt_2y,2020-11,2020-11-01,1088,15,1.379,0
2_5y,2020-11,2020-11-01,647,30,4.637,0
5y_plus,2020-11,2020-11-01,226,24,10.619,0
lt_2y,2020-12,2020-12-01,1061,14,1.320,0
2_5y,2020-12,2020-12-01,668,31,4.641,0
5y_plus,2020-12,2020-12-01,237,17,7.173,0
lt_2y,2021-01,2021-01-01,1108,21,1.895,0
2_5y,2021-01,2021-01-01,688,44,6.395,0
5y_plus,2021-01,2021-01-01,257,16,6.226,0
lt_2y,2021-02,2021-02-01,1124,22,1.957,0
2_5y,2021-02,2021-02-01,717,35,4.881,0
5y_plus,2021-02,2021-02-01,268,23,8.582,0
lt_2y,2021-03,2021-03-01,1150,20,1.739,0
2_5y,2021-03,2021-03-01,754,50,6.631,0
5y_plus,2021-03,2021-03-01,283,25,8.834,0
lt_2y,2021-04,2021-04-01,1155,17,1.472,0
2_5y,2021-04,2021-04-01,767,41,5.346,0
5y_plus,2021-04,2021-04-01,305,20,6.557,0
lt_2y,2021-05,2021-05-01,1135,23,2.026,0
2_5y,2021-05,2021-05-01,808,54,6.683,0
5y_plus,2021-05,2021-05-01,324,24,7.407,0
lt_2y,2021-06,2021-06-01,1146,23,2.007,0
2_5y,2021-06,2021-06-01,821,37,4.507,0
5y_plus,2021-06,2021-06-01,344,27,7.849,0
lt_2y,2021-07,2021-07-01,1121,17,1.517,0
2_5y,2021-07,2021-07-01,855,41,4.795,0
5y_plus,2021-07,2021-07-01,360,26,7.222,0
lt_2y,2021-08,2021-08-01,1114,7,0.628,0
2_5y,2021-08,2021-08-01,868,38,4.378,0
5y_plus,2021-08,2021-08-01,374,23,6.150,0
lt_2y,2021-09,2021-09-01,1116,20,1.792,0
2_5y,2021-09,2021-09-01,889,46,5.174,0
5y_plus,2021-09,2021-09-01,384,20,5.208,0
lt_2y,2021-10,2021-10-01,1119,15,1.340,0
2_5y,2021-10,2021-10-01,918,34,3.704,0
5y_plus,2021-10,2021-10-01,398,24,6.030,0
lt_2y,2021-11,2021-11-01,1109,20,1.803,0
2_5y,2021-11,2021-11-01,949,48,5.058,0
5y_plus,2021-11,2021-11-01,419,31,7.399,0
lt_2y,2021-12,2021-12-01,1115,16,1.435,0
2_5y,2021-12,2021-12-01,967,50,5.171,0
5y_plus,2021-12,2021-12-01,430,30,6.977,0
lt_2y,2022-01,2022-01-01,1098,25,2.277,0
2_5y,2022-01,2022-01-01,998,40,4.008,0
5y_plus,2022-01,2022-01-01,452,37,8.186,0
lt_2y,2022-02,2022-02-01,1113,23,2.066,0
2_5y,2022-02,2022-02-01,1031,37,3.589,0
5y_plus,2022-02,2022-02-01,466,38,8.155,0
lt_2y,2022-03,2022-03-01,1103,15,1.360,0
2_5y,2022-03,2022-03-01,1105,38,3.439,0
5y_plus,2022-03,2022-03-01,483,38,7.867,0
lt_2y,2022-04,2022-04-01,1111,14,1.260,0
2_5y,2022-04,2022-04-01,1130,29,2.566,0
5y_plus,2022-04,2022-04-01,509,38,7.466,0
lt_2y,2022-05,2022-05-01,1141,19,1.665,0
2_5y,2022-05,2022-05-01,1150,42,3.652,0
5y_plus,2022-05,2022-05-01,525,31,5.905,0
lt_2y,2022-06,2022-06-01,1118,23,2.057,0
2_5y,2022-06,2022-06-01,1202,48,3.993,0
5y_plus,2022-06,2022-06-01,542,47,8.672,0
lt_2y,2022-07,2022-07-01,1118,19,1.699,0
2_5y,2022-07,2022-07-01,1234,53,4.295,0
5y_plus,2022-07,2022-07-01,563,42,7.460,0
lt_2y,2022-08,2022-08-01,1142,28,2.452,0
2_5y,2022-08,2022-08-01,1275,59,4.627,0
5y_plus,2022-08,2022-08-01,571,37,6.480,0
lt_2y,2022-09,2022-09-01,1190,21,1.765,0
2_5y,2022-09,2022-09-01,1311,47,3.585,0
5y_plus,2022-09,2022-09-01,581,43,7.401,0
lt_2y,2022-10,2022-10-01,1196,19,1.589,0
2_5y,2022-10,2022-10-01,1336,63,4.716,0
5y_plus,2022-10,2022-10-01,585,44,7.521,0
lt_2y,2022-11,2022-11-01,1230,17,1.382,0
2_5y,2022-11,2022-11-01,1372,55,4.009,0
5y_plus,2022-11,2022-11-01,589,48,8.149,0
lt_2y,2022-12,2022-12-01,1297,17,1.311,0
2_5y,2022-12,2022-12-01,1377,52,3.776,0
5y_plus,2022-12,2022-12-01,589,44,7.470,0
lt_2y,2023-01,2023-01-01,1268,31,2.445,0
2_5y,2023-01,2023-01-01,1464,68,4.645,0
5y_plus,2023-01,2023-01-01,589,41,6.961,0
lt_2y,2023-02,2023-02-01,1261,25,1.983,0
2_5y,2023-02,2023-02-01,1506,70,4.648,0
5y_plus,2023-02,2023-02-01,603,43,7.131,0
lt_2y,2023-03,2023-03-01,1256,28,2.229,0
2_5y,2023-03,2023-03-01,1564,68,4.348,0
5y_plus,2023-03,2023-03-01,623,50,8.026,0
lt_2y,2023-04,2023-04-01,1274,19,1.491,0
2_5y,2023-04,2023-04-01,1585,62,3.912,0
5y_plus,2023-04,2023-04-01,642,45,7.009,0
lt_2y,2023-05,2023-05-01,1297,20,1.542,0
2_5y,2023-05,2023-05-01,1611,68,4.221,0
5y_plus,2023-05,2023-05-01,656,40,6.098,0
lt_2y,2023-06,2023-06-01,1329,24,1.806,0
2_5y,2023-06,2023-06-01,1628,71,4.361,0
5y_plus,2023-06,2023-06-01,683,56,8.199,0
lt_2y,2023-07,2023-07-01,1366,15,1.098,0
2_5y,2023-07,2023-07-01,1615,78,4.830,0
5y_plus,2023-07,2023-07-01,721,42,5.825,0
lt_2y,2023-08,2023-08-01,1404,31,2.208,0
2_5y,2023-08,2023-08-01,1610,67,4.161,0
5y_plus,2023-08,2023-08-01,746,38,5.094,0
lt_2y,2023-09,2023-09-01,1428,22,1.541,0
2_5y,2023-09,2023-09-01,1600,70,4.375,0
5y_plus,2023-09,2023-09-01,789,45,5.703,0
lt_2y,2023-10,2023-10-01,1453,18,1.239,0
2_5y,2023-10,2023-10-01,1606,69,4.296,0
5y_plus,2023-10,2023-10-01,829,38,4.584,0
lt_2y,2023-11,2023-11-01,1491,38,2.549,0
2_5y,2023-11,2023-11-01,1604,84,5.237,0
5y_plus,2023-11,2023-11-01,873,39,4.467,0
lt_2y,2023-12,2023-12-01,1493,25,1.674,0
2_5y,2023-12,2023-12-01,1607,67,4.169,0
5y_plus,2023-12,2023-12-01,905,36,3.978,0
lt_2y,2024-01,2024-01-01,1532,39,2.546,0
2_5y,2024-01,2024-01-01,1603,75,4.679,0
5y_plus,2024-01,2024-01-01,945,57,6.032,0
lt_2y,2024-02,2024-02-01,1521,28,1.841,0
2_5y,2024-02,2024-02-01,1625,53,3.262,0
5y_plus,2024-02,2024-02-01,985,46,4.670,0
lt_2y,2024-03,2024-03-01,1523,24,1.576,0
2_5y,2024-03,2024-03-01,1654,72,4.353,0
5y_plus,2024-03,2024-03-01,1037,64,6.172,0
lt_2y,2024-04,2024-04-01,1536,40,2.604,0
2_5y,2024-04,2024-04-01,1678,87,5.185,0
5y_plus,2024-04,2024-04-01,1072,52,4.851,0
lt_2y,2024-05,2024-05-01,1503,45,2.994,0
2_5y,2024-05,2024-05-01,1684,81,4.810,0
5y_plus,2024-05,2024-05-01,1132,52,4.594,0
lt_2y,2024-06,2024-06-01,1467,48,3.272,0
2_5y,2024-06,2024-06-01,1697,63,3.712,0
5y_plus,2024-06,2024-06-01,1165,43,3.691,0
lt_2y,2024-07,2024-07-01,1417,48,3.387,1
2_5y,2024-07,2024-07-01,1700,82,4.824,1
5y_plus,2024-07,2024-07-01,1215,64,5.267,1
lt_2y,2024-08,2024-08-01,1344,35,2.604,1
2_5y,2024-08,2024-08-01,1746,97,5.556,1
5y_plus,2024-08,2024-08-01,1242,51,4.106,1
lt_2y,2024-09,2024-09-01,1250,30,2.400,1
2_5y,2024-09,2024-09-01,1809,72,3.980,1
5y_plus,2024-09,2024-09-01,1273,44,3.456,1
lt_2y,2024-10,2024-10-01,1215,37,3.045,1
2_5y,2024-10,2024-10-01,1801,76,4.220,1
5y_plus,2024-10,2024-10-01,1316,59,4.483,1
lt_2y,2024-11,2024-11-01,1141,30,2.629,1
2_5y,2024-11,2024-11-01,1823,77,4.224,1
5y_plus,2024-11,2024-11-01,1368,58,4.240,1
lt_2y,2024-12,2024-12-01,1069,28,2.619,1
2_5y,2024-12,2024-12-01,1866,68,3.644,1
5y_plus,2024-12,2024-12-01,1397,59,4.223,1
lt_2y,2025-01,2025-01-01,1011,35,3.462,1
2_5y,2025-01,2025-01-01,1871,120,6.414,1
5y_plus,2025-01,2025-01-01,1450,71,4.897,1
lt_2y,2025-02,2025-02-01,962,33,3.430,1
2_5y,2025-02,2025-02-01,1873,78,4.164,1
5y_plus,2025-02,2025-02-01,1497,64,4.275,1
lt_2y,2025-03,2025-03-01,889,31,3.487,1
2_5y,2025-03,2025-03-01,1855,101,5.445,1
5y_plus,2025-03,2025-03-01,1588,79,4.975,1
lt_2y,2025-04,2025-04-01,831,32,3.851,1
2_5y,2025-04,2025-04-01,1862,115,6.176,1
5y_plus,2025-04,2025-04-01,1639,62,3.783,1
lt_2y,2025-05,2025-05-01,768,25,3.255,1
2_5y,2025-05,2025-05-01,1889,123,6.511,1
5y_plus,2025-05,2025-05-01,1675,65,3.881,1
lt_2y,2025-06,2025-06-01,692,31,4.480,1
2_5y,2025-06,2025-06-01,1896,94,4.958,1
5y_plus,2025-06,2025-06-01,1744,65,3.727,1
lt_2y,2025-07,2025-07-01,630,33,5.238,1
2_5y,2025-07,2025-07-01,1905,155,8.136,1
5y_plus,2025-07,2025-07-01,1797,84,4.674,1
lt_2y,2025-08,2025-08-01,572,23,4.021,1
2_5y,2025-08,2025-08-01,1914,143,7.471,1
5y_plus,2025-08,2025-08-01,1846,88,4.767,1
lt_2y,2025-09,2025-09-01,515,22,4.272,1
2_5y,2025-09,2025-09-01,1925,125,6.494,1
5y_plus,2025-09,2025-09-01,1892,66,3.488,1
lt_2y,2025-10,2025-10-01,444,23,5.180,1
2_5y,2025-10,2025-10-01,1967,132,6.711,1
5y_plus,2025-10,2025-10-01,1921,91,4.737,1
lt_2y,2025-11,2025-11-01,364,17,4.670,1
2_5y,2025-11,2025-11-01,2007,120,5.979,1
5y_plus,2025-11,2025-11-01,1961,70,3.570,1
lt_2y,2025-12,2025-12-01,327,15,4.587,1
2_5y,2025-12,2025-12-01,2039,160,7.847,1
5y_plus,2025-12,2025-12-01,1966,71,3.611,1
