month,month_start,observed_fractional_publications_per_100_incumbents,fitted_pre_transition_historical_benchmark,mean_ci_low_hac,mean_ci_high_hac,forecast_interval_low_ols_scale,forecast_interval_high_ols_scale,gap_observed_minus_benchmark,post_july_2024,cumulative_gap_since_july_2024
2019-01,2019-01-01,4.230,3.534,3.071,3.997,2.558,4.510,0.696,0,
2019-02,2019-02-01,3.960,3.129,2.519,3.739,2.075,4.183,0.831,0,
2019-03,2019-03-01,2.800,3.237,2.900,3.574,2.314,4.161,-0.437,0,
2019-04,2019-04-01,2.990,2.886,2.421,3.350,1.908,3.863,0.104,0,
2019-05,2019-05-01,3.530,3.316,2.877,3.754,2.351,4.281,0.214,0,
2019-06,2019-06-01,3.180,3.362,3.085,3.639,2.459,4.266,-0.182,0,
2019-07,2019-07-01,2.960,3.270,2.971,3.570,2.360,4.181,-0.310,0,
2019-08,2019-08-01,2.660,3.046,2.670,3.423,2.108,3.985,-0.386,0,
2019-09,2019-09-01,2.440,2.912,2.594,3.231,1.996,3.829,-0.472,0,
2019-10,2019-10-01,3.420,3.070,2.745,3.396,2.151,3.990,0.350,0,
2019-11,2019-11-01,3.290,3.374,3.197,3.552,2.497,4.252,-0.084,0,
2019-12,2019-12-01,3.150,3.040,2.786,3.295,2.144,3.937,0.110,0,
2020-01,2020-01-01,2.900,3.658,3.249,4.066,2.706,4.610,-0.758,0,
2020-02,2020-02-01,2.270,3.253,2.685,3.820,2.223,4.283,-0.983,0,
2020-03,2020-03-01,3.270,3.361,3.051,3.671,2.447,4.275,-0.091,0,
2020-04,2020-04-01,2.200,3.009,2.589,3.430,2.052,3.967,-0.809,0,
2020-05,2020-05-01,2.930,3.439,3.039,3.840,2.491,4.388,-0.509,0,
2020-06,2020-06-01,3.560,3.486,3.251,3.721,2.595,4.377,0.074,0,
2020-07,2020-07-01,3.900,3.394,3.128,3.660,2.494,4.294,0.506,0,
2020-08,2020-08-01,3.410,3.170,2.816,3.524,2.240,4.100,0.240,0,
2020-09,2020-09-01,2.800,3.036,2.753,3.320,2.131,3.942,-0.236,0,
2020-10,2020-10-01,3.330,3.194,2.873,3.516,2.276,4.112,0.136,0,
2020-11,2020-11-01,3.420,3.498,3.380,3.617,2.630,4.366,-0.078,0,
2020-12,2020-12-01,3.100,3.164,2.914,3.414,2.269,4.060,-0.064,0,
2021-01,2021-01-01,3.800,3.781,3.421,4.142,2.849,4.714,0.019,0,
2021-02,2021-02-01,3.700,3.376,2.846,3.907,2.366,4.387,0.324,0,
2021-03,2021-03-01,4.160,3.485,3.186,3.783,2.575,4.395,0.675,0,
2021-04,2021-04-01,3.460,3.133,2.748,3.519,2.191,4.075,0.327,0,
2021-05,2021-05-01,4.370,3.563,3.190,3.936,2.626,4.500,0.807,0,
2021-06,2021-06-01,3.720,3.610,3.400,3.820,2.725,4.495,0.110,0,
2021-07,2021-07-01,3.550,3.518,3.269,3.767,2.623,4.413,0.032,0,
2021-08,2021-08-01,2.840,3.294,2.949,3.639,2.368,4.220,-0.454,0,
2021-09,2021-09-01,3.470,3.160,2.896,3.424,2.260,4.060,0.310,0,
2021-10,2021-10-01,2.960,3.318,2.985,3.651,2.396,4.240,-0.358,0,
2021-11,2021-11-01,3.790,3.622,3.539,3.705,2.758,4.486,0.168,0,
2021-12,2021-12-01,3.740,3.288,3.023,3.553,2.388,4.188,0.452,0,
2022-01,2022-01-01,3.960,3.905,3.583,4.228,2.987,4.823,0.055,0,
2022-02,2022-02-01,3.600,3.500,2.999,4.002,2.505,4.496,0.100,0,
2022-03,2022-03-01,3.310,3.609,3.305,3.912,2.697,4.520,-0.299,0,
2022-04,2022-04-01,2.910,3.257,2.896,3.618,2.324,4.189,-0.347,0,
2022-05,2022-05-01,3.230,3.687,3.329,4.045,2.755,4.618,-0.457,0,
2022-06,2022-06-01,4.050,3.734,3.526,3.941,2.849,4.618,0.316,0,
2022-07,2022-07-01,3.640,3.642,3.389,3.894,2.746,4.538,-0.002,0,
2022-08,2022-08-01,4.020,3.418,3.067,3.769,2.489,4.346,0.602,0,
2022-09,2022-09-01,3.500,3.284,3.019,3.548,2.384,4.183,0.216,0,
2022-10,2022-10-01,3.850,3.442,3.082,3.801,2.510,4.374,0.408,0,
2022-11,2022-11-01,3.700,3.746,3.644,3.847,2.880,4.611,-0.046,0,
2022-12,2022-12-01,3.400,3.412,3.115,3.709,2.502,4.321,-0.012,0,
2023-01,2023-01-01,4.130,4.029,3.732,4.325,3.120,4.938,0.101,0,
2023-02,2023-02-01,4.070,3.624,3.142,4.105,2.639,4.609,0.446,0,
2023-03,2023-03-01,4.010,3.732,3.407,4.058,2.813,4.652,0.278,0,
2023-04,2023-04-01,3.480,3.381,3.031,3.731,2.452,4.309,0.099,0,
2023-05,2023-05-01,3.590,3.811,3.453,4.168,2.880,4.742,-0.221,0,
2023-06,2023-06-01,4.010,3.857,3.628,4.087,2.967,4.747,0.153,0,
2023-07,2023-07-01,3.540,3.766,3.490,4.041,2.863,4.668,-0.226,0,
2023-08,2023-08-01,3.540,3.542,3.170,3.913,2.605,4.478,-0.002,0,
2023-09,2023-09-01,3.590,3.408,3.124,3.691,2.502,4.313,0.182,0,
2023-10,2023-10-01,3.030,3.566,3.169,3.962,2.619,4.512,-0.536,0,
2023-11,2023-11-01,3.910,3.870,3.715,4.024,2.996,4.743,0.040,0,
2023-12,2023-12-01,3.050,3.536,3.194,3.877,2.610,4.461,-0.486,0,
2024-01,2024-01-01,4.040,4.153,3.866,4.440,3.246,5.059,-0.113,0,
2024-02,2024-02-01,3.030,3.748,3.276,4.219,2.767,4.728,-0.718,0,
2024-03,2024-03-01,3.730,3.856,3.496,4.216,2.924,4.788,-0.126,0,
2024-04,2024-04-01,4.130,3.504,3.151,3.858,2.575,4.434,0.626,0,
2024-05,2024-05-01,4.100,3.934,3.564,4.305,2.998,4.871,0.166,0,
2024-06,2024-06-01,3.510,3.981,3.712,4.250,3.080,4.882,-0.471,0,
2024-07,2024-07-01,4.320,3.889,3.575,4.203,2.974,4.805,0.431,1,0.431
2024-08,2024-08-01,4.160,3.665,3.262,4.069,2.716,4.615,0.495,1,0.925
2024-09,2024-09-01,3.320,3.531,3.214,3.849,2.615,4.448,-0.211,1,0.714
2024-10,2024-10-01,3.900,3.689,3.246,4.132,2.722,4.657,0.211,1,0.925
2024-11,2024-11-01,3.790,3.993,3.774,4.212,3.106,4.881,-0.203,1,0.722
2024-12,2024-12-01,3.490,3.659,3.265,4.054,2.713,4.605,-0.169,1,0.552
2025-01,2025-01-01,5.220,4.276,3.981,4.572,3.368,5.185,0.944,1,1.496
2025-02,2025-02-01,3.990,3.871,3.399,4.344,2.890,4.853,0.119,1,1.614
2025-03,2025-03-01,4.690,3.980,3.575,4.385,3.029,4.930,0.710,1,2.325
2025-04,2025-04-01,4.760,3.628,3.257,3.999,2.692,4.565,1.132,1,3.456
2025-05,2025-05-01,4.820,4.058,3.661,4.455,3.111,5.005,0.762,1,4.218
2025-06,2025-06-01,4.340,4.105,3.784,4.425,3.187,5.022,0.235,1,4.453
2025-07,2025-07-01,6.190,4.013,3.651,4.375,3.080,4.946,2.177,1,6.630
2025-08,2025-08-01,5.790,3.789,3.344,4.234,2.821,4.757,2.001,1,8.631
2025-09,2025-09-01,4.820,3.655,3.292,4.018,2.722,4.588,1.165,1,9.796
2025-10,2025-10-01,5.680,3.813,3.317,4.309,2.821,4.805,1.867,1,11.663
2025-11,2025-11-01,4.620,4.117,3.830,4.404,3.211,5.023,0.503,1,12.166
2025-12,2025-12-01,5.610,3.783,3.331,4.235,2.811,4.755,1.827,1,13.993
