y_family,unit_of_observation,numerator,denominator,time_index,pre_post_definition,primary_question,feasibility_status,followup_limitation
Y1 total monthly publications,calendar month,fractional_publication_count,none,calendar month,month before/after July 2024,system-level scientific output,primary feasible,publication lag complicates immediate interpretation
Y2 incumbent-pool publication intensity,calendar month,fractional publication credit linked to pre-transition incumbents,post-start incumbent projects observable by month end,calendar month,month before/after July 2024,supplementary decomposition of dynamic incumbent pool,supplementary feasible,changing denominator and project-age composition
Y3 fixed-cohort publication intensity,calendar month x fixed cohort,fractional publication credit from fixed cohort,fixed cohort size,calendar month,month before/after July 2024,stable-membership publication intensity,robustness feasible,older-cohort composition differs from new project pipeline
Y4 project-age lifecycle output,project age month or age band,fractional publication credit at age,projects with complete follow-up to age,months since project start,not a calendar pre/post object,publication productivity by project age,feasible,right-censoring handled by age-specific risk sets
Y5 fixed-follow-up publication count,project,fractional publications within H months,eligible projects with complete H-month follow-up,project age horizon,project start before/after 2024-07-05,RAP-era project early productivity,12-month post cohort feasible; 18/24-month post cohort infeasible,post-RAP projects have short follow-up
Y6 any publication within fixed follow-up,project,indicator of any linked publication within H months,eligible projects with complete H-month follow-up,project age horizon,project start before/after 2024-07-05,early extensive-margin productivity,12-month post cohort feasible; 18/24-month post cohort infeasible,post-RAP projects have short follow-up
Y7 time to first publication,project x age,first publication by age,projects with complete follow-up to age,months since project start,project start before/after 2024-07-05,publication timing,early post-cohort timing feasible only at short ages,post-RAP timing cannot yet be evaluated at mature ages
Y8 project-month publication panel,project x calendar month,fractional publication count linked to project in month,not normalized in row; age and calendar controls available,calendar month and project age,calendar post indicator separate from project cohort indicator,lifecycle-adjusted descriptive regressions,constructed,descriptive only; July 2024 is not every incumbent's treatment date
Y9 pipeline-adjusted publication gap,calendar month,actual fractional publication count minus pipeline expected count,historical project-age profile estimated before July 2024,calendar month,month before/after July 2024,pipeline-adjusted system output,feasible as historical benchmark,not a causal untreated potential outcome
