specification,month,month_start,time,post_july2024,time_after_july2024,month_of_year,group,treated,raw_count,entry_index_pre_mean
strict,2019-01,2019-01-01,1,0,0,1,Control,0,5,152.07373272
strict,2019-01,2019-01-01,1,0,0,1,Treatment,1,4,90.41095890
strict,2019-02,2019-02-01,2,0,0,2,Control,0,5,152.07373272
strict,2019-02,2019-02-01,2,0,0,2,Treatment,1,7,158.21917808
strict,2019-03,2019-03-01,3,0,0,3,Control,0,5,152.07373272
strict,2019-03,2019-03-01,3,0,0,3,Treatment,1,7,158.21917808
strict,2019-04,2019-04-01,4,0,0,4,Control,0,4,121.65898618
strict,2019-04,2019-04-01,4,0,0,4,Treatment,1,0,0.00000000
strict,2019-05,2019-05-01,5,0,0,5,Control,0,4,121.65898618
strict,2019-05,2019-05-01,5,0,0,5,Treatment,1,4,90.41095890
strict,2019-06,2019-06-01,6,0,0,6,Control,0,2,60.82949309
strict,2019-06,2019-06-01,6,0,0,6,Treatment,1,2,45.20547945
strict,2019-07,2019-07-01,7,0,0,7,Control,0,5,152.07373272
strict,2019-07,2019-07-01,7,0,0,7,Treatment,1,6,135.61643836
strict,2019-08,2019-08-01,8,0,0,8,Control,0,4,121.65898618
strict,2019-08,2019-08-01,8,0,0,8,Treatment,1,3,67.80821918
strict,2019-09,2019-09-01,9,0,0,9,Control,0,2,60.82949309
strict,2019-09,2019-09-01,9,0,0,9,Treatment,1,5,113.01369863
strict,2019-10,2019-10-01,10,0,0,10,Control,0,5,152.07373272
strict,2019-10,2019-10-01,10,0,0,10,Treatment,1,2,45.20547945
strict,2019-11,2019-11-01,11,0,0,11,Control,0,8,243.31797235
strict,2019-11,2019-11-01,11,0,0,11,Treatment,1,5,113.01369863
strict,2019-12,2019-12-01,12,0,0,12,Control,0,3,91.24423963
strict,2019-12,2019-12-01,12,0,0,12,Treatment,1,4,90.41095890
strict,2020-01,2020-01-01,13,0,0,1,Control,0,3,91.24423963
strict,2020-01,2020-01-01,13,0,0,1,Treatment,1,4,90.41095890
strict,2020-02,2020-02-01,14,0,0,2,Control,0,6,182.48847926
strict,2020-02,2020-02-01,14,0,0,2,Treatment,1,2,45.20547945
strict,2020-03,2020-03-01,15,0,0,3,Control,0,4,121.65898618
strict,2020-03,2020-03-01,15,0,0,3,Treatment,1,12,271.23287671
strict,2020-04,2020-04-01,16,0,0,4,Control,0,3,91.24423963
strict,2020-04,2020-04-01,16,0,0,4,Treatment,1,2,45.20547945
strict,2020-05,2020-05-01,17,0,0,5,Control,0,0,0.00000000
strict,2020-05,2020-05-01,17,0,0,5,Treatment,1,3,67.80821918
strict,2020-06,2020-06-01,18,0,0,6,Control,0,2,60.82949309
strict,2020-06,2020-06-01,18,0,0,6,Treatment,1,8,180.82191781
strict,2020-07,2020-07-01,19,0,0,7,Control,0,4,121.65898618
strict,2020-07,2020-07-01,19,0,0,7,Treatment,1,6,135.61643836
strict,2020-08,2020-08-01,20,0,0,8,Control,0,5,152.07373272
strict,2020-08,2020-08-01,20,0,0,8,Treatment,1,6,135.61643836
strict,2020-09,2020-09-01,21,0,0,9,Control,0,1,30.41474654
strict,2020-09,2020-09-01,21,0,0,9,Treatment,1,5,113.01369863
strict,2020-10,2020-10-01,22,0,0,10,Control,0,3,91.24423963
strict,2020-10,2020-10-01,22,0,0,10,Treatment,1,4,90.41095890
strict,2020-11,2020-11-01,23,0,0,11,Control,0,2,60.82949309
strict,2020-11,2020-11-01,23,0,0,11,Treatment,1,1,22.60273973
strict,2020-12,2020-12-01,24,0,0,12,Control,0,0,0.00000000
strict,2020-12,2020-12-01,24,0,0,12,Treatment,1,0,0.00000000
strict,2021-01,2021-01-01,25,0,0,1,Control,0,9,273.73271889
strict,2021-01,2021-01-01,25,0,0,1,Treatment,1,7,158.21917808
strict,2021-02,2021-02-01,26,0,0,2,Control,0,4,121.65898618
strict,2021-02,2021-02-01,26,0,0,2,Treatment,1,5,113.01369863
strict,2021-03,2021-03-01,27,0,0,3,Control,0,4,121.65898618
strict,2021-03,2021-03-01,27,0,0,3,Treatment,1,7,158.21917808
strict,2021-04,2021-04-01,28,0,0,4,Control,0,3,91.24423963
strict,2021-04,2021-04-01,28,0,0,4,Treatment,1,3,67.80821918
strict,2021-05,2021-05-01,29,0,0,5,Control,0,2,60.82949309
strict,2021-05,2021-05-01,29,0,0,5,Treatment,1,4,90.41095890
strict,2021-06,2021-06-01,30,0,0,6,Control,0,5,152.07373272
strict,2021-06,2021-06-01,30,0,0,6,Treatment,1,4,90.41095890
strict,2021-07,2021-07-01,31,0,0,7,Control,0,2,60.82949309
strict,2021-07,2021-07-01,31,0,0,7,Treatment,1,0,0.00000000
strict,2021-08,2021-08-01,32,0,0,8,Control,0,1,30.41474654
strict,2021-08,2021-08-01,32,0,0,8,Treatment,1,2,45.20547945
strict,2021-09,2021-09-01,33,0,0,9,Control,0,1,30.41474654
strict,2021-09,2021-09-01,33,0,0,9,Treatment,1,1,22.60273973
strict,2021-10,2021-10-01,34,0,0,10,Control,0,3,91.24423963
strict,2021-10,2021-10-01,34,0,0,10,Treatment,1,2,45.20547945
strict,2021-11,2021-11-01,35,0,0,11,Control,0,5,152.07373272
strict,2021-11,2021-11-01,35,0,0,11,Treatment,1,4,90.41095890
strict,2021-12,2021-12-01,36,0,0,12,Control,0,2,60.82949309
strict,2021-12,2021-12-01,36,0,0,12,Treatment,1,4,90.41095890
strict,2022-01,2022-01-01,37,0,0,1,Control,0,3,91.24423963
strict,2022-01,2022-01-01,37,0,0,1,Treatment,1,2,45.20547945
strict,2022-02,2022-02-01,38,0,0,2,Control,0,3,91.24423963
strict,2022-02,2022-02-01,38,0,0,2,Treatment,1,4,90.41095890
strict,2022-03,2022-03-01,39,0,0,3,Control,0,7,212.90322581
strict,2022-03,2022-03-01,39,0,0,3,Treatment,1,5,113.01369863
strict,2022-04,2022-04-01,40,0,0,4,Control,0,7,212.90322581
strict,2022-04,2022-04-01,40,0,0,4,Treatment,1,4,90.41095890
strict,2022-05,2022-05-01,41,0,0,5,Control,0,3,91.24423963
strict,2022-05,2022-05-01,41,0,0,5,Treatment,1,5,113.01369863
strict,2022-06,2022-06-01,42,0,0,6,Control,0,7,212.90322581
strict,2022-06,2022-06-01,42,0,0,6,Treatment,1,3,67.80821918
strict,2022-07,2022-07-01,43,0,0,7,Control,0,4,121.65898618
strict,2022-07,2022-07-01,43,0,0,7,Treatment,1,3,67.80821918
strict,2022-08,2022-08-01,44,0,0,8,Control,0,7,212.90322581
strict,2022-08,2022-08-01,44,0,0,8,Treatment,1,3,67.80821918
strict,2022-09,2022-09-01,45,0,0,9,Control,0,4,121.65898618
strict,2022-09,2022-09-01,45,0,0,9,Treatment,1,6,135.61643836
strict,2022-10,2022-10-01,46,0,0,10,Control,0,0,0.00000000
strict,2022-10,2022-10-01,46,0,0,10,Treatment,1,5,113.01369863
strict,2022-11,2022-11-01,47,0,0,11,Control,0,3,91.24423963
strict,2022-11,2022-11-01,47,0,0,11,Treatment,1,7,158.21917808
strict,2022-12,2022-12-01,48,0,0,12,Control,0,3,91.24423963
strict,2022-12,2022-12-01,48,0,0,12,Treatment,1,6,135.61643836
strict,2023-01,2023-01-01,49,0,0,1,Control,0,2,60.82949309
strict,2023-01,2023-01-01,49,0,0,1,Treatment,1,4,90.41095890
strict,2023-02,2023-02-01,50,0,0,2,Control,0,2,60.82949309
strict,2023-02,2023-02-01,50,0,0,2,Treatment,1,5,113.01369863
strict,2023-03,2023-03-01,51,0,0,3,Control,0,0,0.00000000
strict,2023-03,2023-03-01,51,0,0,3,Treatment,1,6,135.61643836
strict,2023-04,2023-04-01,52,0,0,4,Control,0,2,60.82949309
strict,2023-04,2023-04-01,52,0,0,4,Treatment,1,5,113.01369863
strict,2023-05,2023-05-01,53,0,0,5,Control,0,3,91.24423963
strict,2023-05,2023-05-01,53,0,0,5,Treatment,1,5,113.01369863
strict,2023-06,2023-06-01,54,0,0,6,Control,0,8,243.31797235
strict,2023-06,2023-06-01,54,0,0,6,Treatment,1,7,158.21917808
strict,2023-07,2023-07-01,55,0,0,7,Control,0,3,91.24423963
strict,2023-07,2023-07-01,55,0,0,7,Treatment,1,3,67.80821918
strict,2023-08,2023-08-01,56,0,0,8,Control,0,1,30.41474654
strict,2023-08,2023-08-01,56,0,0,8,Treatment,1,6,135.61643836
strict,2023-09,2023-09-01,57,0,0,9,Control,0,5,152.07373272
strict,2023-09,2023-09-01,57,0,0,9,Treatment,1,5,113.01369863
strict,2023-10,2023-10-01,58,0,0,10,Control,0,1,30.41474654
strict,2023-10,2023-10-01,58,0,0,10,Treatment,1,5,113.01369863
strict,2023-11,2023-11-01,59,0,0,11,Control,0,4,121.65898618
strict,2023-11,2023-11-01,59,0,0,11,Treatment,1,12,271.23287671
strict,2023-12,2023-12-01,60,0,0,12,Control,0,0,0.00000000
strict,2023-12,2023-12-01,60,0,0,12,Treatment,1,5,113.01369863
strict,2024-01,2024-01-01,61,0,0,1,Control,0,0,0.00000000
strict,2024-01,2024-01-01,61,0,0,1,Treatment,1,4,90.41095890
strict,2024-02,2024-02-01,62,0,0,2,Control,0,1,30.41474654
strict,2024-02,2024-02-01,62,0,0,2,Treatment,1,4,90.41095890
strict,2024-03,2024-03-01,63,0,0,3,Control,0,1,30.41474654
strict,2024-03,2024-03-01,63,0,0,3,Treatment,1,5,113.01369863
strict,2024-04,2024-04-01,64,0,0,4,Control,0,3,91.24423963
strict,2024-04,2024-04-01,64,0,0,4,Treatment,1,8,180.82191781
strict,2024-05,2024-05-01,65,0,0,5,Control,0,3,91.24423963
strict,2024-05,2024-05-01,65,0,0,5,Treatment,1,5,113.01369863
strict,2024-06,2024-06-01,66,0,0,6,Control,0,1,30.41474654
strict,2024-06,2024-06-01,66,0,0,6,Treatment,1,0,0.00000000
strict,2024-07,2024-07-01,67,1,0,7,Control,0,0,0.00000000
strict,2024-07,2024-07-01,67,1,0,7,Treatment,1,0,0.00000000
strict,2024-08,2024-08-01,68,1,1,8,Control,0,0,0.00000000
strict,2024-08,2024-08-01,68,1,1,8,Treatment,1,0,0.00000000
strict,2024-09,2024-09-01,69,1,2,9,Control,0,0,0.00000000
strict,2024-09,2024-09-01,69,1,2,9,Treatment,1,0,0.00000000
strict,2024-10,2024-10-01,70,1,3,10,Control,0,7,212.90322581
strict,2024-10,2024-10-01,70,1,3,10,Treatment,1,14,316.43835616
strict,2024-11,2024-11-01,71,1,4,11,Control,0,12,364.97695853
strict,2024-11,2024-11-01,71,1,4,11,Treatment,1,9,203.42465753
strict,2024-12,2024-12-01,72,1,5,12,Control,0,8,243.31797235
strict,2024-12,2024-12-01,72,1,5,12,Treatment,1,7,158.21917808
strict,2025-01,2025-01-01,73,1,6,1,Control,0,5,152.07373272
strict,2025-01,2025-01-01,73,1,6,1,Treatment,1,7,158.21917808
strict,2025-02,2025-02-01,74,1,7,2,Control,0,8,243.31797235
strict,2025-02,2025-02-01,74,1,7,2,Treatment,1,9,203.42465753
strict,2025-03,2025-03-01,75,1,8,3,Control,0,5,152.07373272
strict,2025-03,2025-03-01,75,1,8,3,Treatment,1,7,158.21917808
strict,2025-04,2025-04-01,76,1,9,4,Control,0,6,182.48847926
strict,2025-04,2025-04-01,76,1,9,4,Treatment,1,13,293.83561644
strict,2025-05,2025-05-01,77,1,10,5,Control,0,4,121.65898618
strict,2025-05,2025-05-01,77,1,10,5,Treatment,1,11,248.63013699
strict,2025-06,2025-06-01,78,1,11,6,Control,0,9,273.73271889
strict,2025-06,2025-06-01,78,1,11,6,Treatment,1,16,361.64383562
strict,2025-07,2025-07-01,79,1,12,7,Control,0,7,212.90322581
strict,2025-07,2025-07-01,79,1,12,7,Treatment,1,13,293.83561644
strict,2025-08,2025-08-01,80,1,13,8,Control,0,7,212.90322581
strict,2025-08,2025-08-01,80,1,13,8,Treatment,1,9,203.42465753
strict,2025-09,2025-09-01,81,1,14,9,Control,0,9,273.73271889
strict,2025-09,2025-09-01,81,1,14,9,Treatment,1,13,293.83561644
strict,2025-10,2025-10-01,82,1,15,10,Control,0,7,212.90322581
strict,2025-10,2025-10-01,82,1,15,10,Treatment,1,14,316.43835616
strict,2025-11,2025-11-01,83,1,16,11,Control,0,10,304.14746544
strict,2025-11,2025-11-01,83,1,16,11,Treatment,1,10,226.02739726
strict,2025-12,2025-12-01,84,1,17,12,Control,0,2,60.82949309
strict,2025-12,2025-12-01,84,1,17,12,Treatment,1,8,180.82191781
strict,2026-01,2026-01-01,85,1,18,1,Control,0,10,304.14746544
strict,2026-01,2026-01-01,85,1,18,1,Treatment,1,23,519.86301370
strict,2026-02,2026-02-01,86,1,19,2,Control,0,4,121.65898618
strict,2026-02,2026-02-01,86,1,19,2,Treatment,1,11,248.63013699
strict,2026-03,2026-03-01,87,1,20,3,Control,0,6,182.48847926
strict,2026-03,2026-03-01,87,1,20,3,Treatment,1,23,519.86301370
strict,2026-04,2026-04-01,88,1,21,4,Control,0,4,121.65898618
strict,2026-04,2026-04-01,88,1,21,4,Treatment,1,6,135.61643836
