start_month,n_applications,observed_events,observed_rate,fitted_rate,outcome,outcome_label
2012-06-01,1,0,0.0,0.036413650101754944,Leak52,Curated 52 attribution outcome
2012-07-01,1,0,0.0,0.025203671098011006,Leak52,Curated 52 attribution outcome
2012-08-01,1,0,0.0,0.06852489324451892,Leak52,Curated 52 attribution outcome
2012-09-01,4,0,0.0,0.04949747794843672,Leak52,Curated 52 attribution outcome
2012-10-01,2,0,0.0,0.0180378496442398,Leak52,Curated 52 attribution outcome
2012-11-01,3,0,0.0,0.04321174044840411,Leak52,Curated 52 attribution outcome
2012-12-01,1,0,0.0,0.023456552047726696,Leak52,Curated 52 attribution outcome
2013-01-01,2,0,0.0,0.0,Leak52,Curated 52 attribution outcome
2013-02-01,1,0,0.0,0.025678665973454126,Leak52,Curated 52 attribution outcome
2013-03-01,3,0,0.0,0.05881517381428362,Leak52,Curated 52 attribution outcome
2013-04-01,1,0,0.0,0.043030332651216086,Leak52,Curated 52 attribution outcome
2013-06-01,5,0,0.0,0.031203156366524636,Leak52,Curated 52 attribution outcome
2013-07-01,4,0,0.0,0.021597233127798765,Leak52,Curated 52 attribution outcome
2013-09-01,4,0,0.0,0.042414796095908015,Leak52,Curated 52 attribution outcome
2013-10-01,2,0,0.0,0.015456781767064576,Leak52,Curated 52 attribution outcome
2013-12-01,4,0,0.0,0.020100112439139003,Leak52,Curated 52 attribution outcome
2014-01-01,4,0,0.0,0.0,Leak52,Curated 52 attribution outcome
2014-03-01,4,0,0.0,0.05039920634495714,Leak52,Curated 52 attribution outcome
2014-04-01,1,0,0.0,0.03687304608209975,Leak52,Curated 52 attribution outcome
2014-05-01,1,0,0.0,0.03547409967781288,Leak52,Curated 52 attribution outcome
2014-06-01,2,0,0.0,0.026738241415321953,Leak52,Curated 52 attribution outcome
2014-07-01,9,0,0.0,0.018506846759054032,Leak52,Curated 52 attribution outcome
2014-08-01,2,0,0.0,0.05031726106586627,Leak52,Curated 52 attribution outcome
2014-09-01,8,0,0.0,0.036345587743511924,Leak52,Curated 52 attribution outcome
2014-10-01,2,0,0.0,0.013245043467304544,Leak52,Curated 52 attribution outcome
2014-11-01,1,0,0.0,0.03173002280345351,Leak52,Curated 52 attribution outcome
2014-12-01,12,0,0.0,0.017223951723338876,Leak52,Curated 52 attribution outcome
2015-01-01,9,0,0.0,0.0,Leak52,Curated 52 attribution outcome
2015-02-01,7,0,0.0,0.018855631558576964,Leak52,Curated 52 attribution outcome
2015-03-01,3,1,0.3333333333333333,0.04318749457788212,Leak52,Curated 52 attribution outcome
2015-04-01,16,1,0.0625,0.03159681656177544,Leak52,Curated 52 attribution outcome
2015-05-01,10,0,0.0,0.030398047878071134,Leak52,Curated 52 attribution outcome
2015-06-01,6,0,0.0,0.022912219058422997,Leak52,Curated 52 attribution outcome
2015-07-01,15,0,0.0,0.015858669253435848,Leak52,Curated 52 attribution outcome
2015-08-01,11,0,0.0,0.04311727499402206,Leak52,Curated 52 attribution outcome
2015-09-01,23,0,0.0,0.03114483317176121,Leak52,Curated 52 attribution outcome
2015-10-01,33,0,0.0,0.01134978672110108,Leak52,Curated 52 attribution outcome
2015-11-01,8,0,0.0,0.02718971759993474,Leak52,Curated 52 attribution outcome
2015-12-01,11,0,0.0,0.014759345942276531,Leak52,Curated 52 attribution outcome
2016-01-01,20,0,0.0,0.0,Leak52,Curated 52 attribution outcome
2016-02-01,11,0,0.0,0.016157545817783805,Leak52,Curated 52 attribution outcome
2016-03-01,15,1,0.06666666666666667,0.037007719430114036,Leak52,Curated 52 attribution outcome
2016-04-01,22,1,0.045454545454545456,0.02707557207548272,Leak52,Curated 52 attribution outcome
2016-05-01,19,1,0.05263157894736842,0.026048337327513393,Leak52,Curated 52 attribution outcome
2016-06-01,20,0,0.0,0.01963366902208967,Leak52,Curated 52 attribution outcome
2016-07-01,16,0,0.0,0.013589424160916706,Leak52,Curated 52 attribution outcome
2016-08-01,14,0,0.0,0.03694754769097076,Leak52,Curated 52 attribution outcome
2016-09-01,10,0,0.0,0.026688263789873455,Leak52,Curated 52 attribution outcome
2016-10-01,14,1,0.07142857142857142,0.009725725622001125,Leak52,Curated 52 attribution outcome
2016-11-01,21,1,0.047619047619047616,0.0232990927155507,Leak52,Curated 52 attribution outcome
2016-12-01,11,1,0.09090909090909091,0.012647404970870803,Leak52,Curated 52 attribution outcome
2017-01-01,22,0,0.0,0.0,Leak52,Curated 52 attribution outcome
2017-02-01,14,0,0.0,0.013845533947921809,Leak52,Curated 52 attribution outcome
2017-03-01,17,1,0.058823529411764705,0.031712219261717634,Leak52,Curated 52 attribution outcome
2017-04-01,26,0,0.0,0.02320128047651223,Leak52,Curated 52 attribution outcome
2017-05-01,16,0,0.0,0.022321034569374548,Leak52,Curated 52 attribution outcome
2017-06-01,17,0,0.0,0.016824252521592968,Leak52,Curated 52 attribution outcome
2017-07-01,21,1,0.047619047619047616,0.011644889370859177,Leak52,Curated 52 attribution outcome
2017-08-01,8,1,0.125,0.0316606576033811,Leak52,Curated 52 attribution outcome
2017-09-01,10,0,0.0,0.022869392819983854,Leak52,Curated 52 attribution outcome
2017-10-01,4,1,0.25,0.008334054304173982,Leak52,Curated 52 attribution outcome
2017-11-01,4,0,0.0,0.019965184241896305,Leak52,Curated 52 attribution outcome
2018-02-01,14,0,0.0,0.011864351954494338,Leak52,Curated 52 attribution outcome
2018-03-01,20,0,0.0,0.027174461598542143,Leak52,Curated 52 attribution outcome
2018-04-01,19,1,0.05263157894736842,0.019881368129511297,Leak52,Curated 52 attribution outcome
2018-05-01,14,0,0.0,0.019127078169437036,Leak52,Curated 52 attribution outcome
2018-06-01,27,0,0.0,0.014416840407764035,Leak52,Curated 52 attribution outcome
2018-07-01,38,0,0.0,0.009978601510544192,Leak52,Curated 52 attribution outcome
2018-08-01,25,1,0.04,0.027130277989288566,Leak52,Curated 52 attribution outcome
2018-09-01,43,1,0.023255813953488372,0.019596970866017086,Leak52,Curated 52 attribution outcome
2018-10-01,40,0,0.0,0.007141519701912976,Leak52,Curated 52 attribution outcome
2018-11-01,44,0,0.0,0.017108330640996067,Leak52,Curated 52 attribution outcome
2018-12-01,32,0,0.0,0.009286884628250669,Leak52,Curated 52 attribution outcome
2019-01-01,40,0,0.0,0.0,Leak52,Curated 52 attribution outcome
2019-02-01,40,0,0.0,0.010166660804095732,Leak52,Curated 52 attribution outcome
2019-03-01,52,1,0.019230769230769232,0.023286019722438198,Leak52,Curated 52 attribution outcome
2019-04-01,35,1,0.02857142857142857,0.017036507924693946,Leak52,Curated 52 attribution outcome
2019-05-01,60,2,0.03333333333333333,0.016390150651964454,Leak52,Curated 52 attribution outcome
2019-06-01,33,0,0.0,0.012353909160373114,Leak52,Curated 52 attribution outcome
2019-07-01,50,1,0.02,0.008550745733610027,Leak52,Curated 52 attribution outcome
2019-08-01,27,0,0.0,0.023248158424146917,Leak52,Curated 52 attribution outcome
2019-09-01,31,2,0.06451612903225806,0.01679280556971928,Leak52,Curated 52 attribution outcome
2019-10-01,43,0,0.0,0.006119626989623533,Leak52,Curated 52 attribution outcome
2019-11-01,52,2,0.038461538461538464,0.014660269285541282,Leak52,Curated 52 attribution outcome
2019-12-01,29,0,0.0,0.007958007846052585,Leak52,Curated 52 attribution outcome
2020-01-01,53,0,0.0,0.0,Leak52,Curated 52 attribution outcome
2020-02-01,47,1,0.02127659574468085,0.008711895289517485,Leak52,Curated 52 attribution outcome
2020-03-01,91,2,0.02197802197802198,0.019953981886539754,Leak52,Curated 52 attribution outcome
2020-04-01,51,2,0.0392156862745098,0.014598723809018574,Leak52,Curated 52 attribution outcome
2020-05-01,36,1,0.027777777777777776,0.014044854944094009,Leak52,Curated 52 attribution outcome
2020-06-01,69,1,0.014492753623188406,0.01058616640165896,Leak52,Curated 52 attribution outcome
2020-07-01,53,0,0.0,0.007327204370631557,Leak52,Curated 52 attribution outcome
2020-08-01,49,1,0.02040816326530612,0.019921538228529073,Leak52,Curated 52 attribution outcome
2020-09-01,46,0,0.0,0.014389893255972768,Leak52,Curated 52 attribution outcome
2020-10-01,29,0,0.0,0.00524395871681165,Leak52,Curated 52 attribution outcome
2020-11-01,40,2,0.05,0.012562505368558394,Leak52,Curated 52 attribution outcome
2020-12-01,5,0,0.0,0.006819282398015945,Leak52,Curated 52 attribution outcome
2021-01-01,87,0,0.0,0.0,Leak52,Curated 52 attribution outcome
2021-02-01,56,1,0.017857142857142856,0.00746529475095115,Leak52,Curated 52 attribution outcome
2021-03-01,78,2,0.02564102564102564,0.01709873125052338,Leak52,Curated 52 attribution outcome
2021-04-01,40,0,0.0,0.012509766543358905,Leak52,Curated 52 attribution outcome
2021-05-01,40,1,0.025,0.012035151756033383,Leak52,Curated 52 attribution outcome
2021-06-01,44,2,0.045454545454545456,0.009071373087563507,Leak52,Curated 52 attribution outcome
2021-07-01,25,0,0.0,0.0062787417099743085,Leak52,Curated 52 attribution outcome
2021-08-01,20,0,0.0,0.01707093001304289,Leak52,Curated 52 attribution outcome
2021-09-01,33,0,0.0,0.012330817924294746,Leak52,Curated 52 attribution outcome
2021-10-01,46,0,0.0,0.0044935913692538045,Leak52,Curated 52 attribution outcome
2021-11-01,42,0,0.0,0.010764914208684083,Leak52,Curated 52 attribution outcome
2021-12-01,35,0,0.0,0.005843499192697668,Leak52,Curated 52 attribution outcome
2022-01-01,36,0,0.0,0.0,Leak52,Curated 52 attribution outcome
2022-02-01,62,1,0.016129032258064516,0.0063970724930126725,Leak52,Curated 52 attribution outcome
2022-03-01,81,1,0.012345679012345678,0.014652043488865956,Leak52,Curated 52 attribution outcome
2022-04-01,59,0,0.0,0.010719721875460487,Leak52,Curated 52 attribution outcome
2022-05-01,66,0,0.0,0.01031302055929473,Leak52,Curated 52 attribution outcome
2022-06-01,46,0,0.0,0.007773334233710498,Leak52,Curated 52 attribution outcome
2022-07-01,53,1,0.018867924528301886,0.005380305429801078,Leak52,Curated 52 attribution outcome
2022-08-01,73,2,0.0273972602739726,0.01462822037973346,Leak52,Curated 52 attribution outcome
2022-09-01,94,2,0.02127659574468085,0.010566379331479615,Leak52,Curated 52 attribution outcome
2022-10-01,35,0,0.0,0.0038505954154630104,Leak52,Curated 52 attribution outcome
2022-11-01,74,0,0.0,0.009224543554055926,Leak52,Curated 52 attribution outcome
2022-12-01,72,0,0.0,0.005007342535776669,Leak52,Curated 52 attribution outcome
2023-01-01,58,0,0.0,0.0,Leak52,Curated 52 attribution outcome
2023-02-01,49,0,0.0,0.0054817040513564855,Leak52,Curated 52 attribution outcome
2023-03-01,73,0,0.0,0.012555456615709336,Leak52,Curated 52 attribution outcome
2023-04-01,58,0,0.0,0.00918581787189547,Leak52,Curated 52 attribution outcome
2023-05-01,63,0,0.0,0.008837312167926492,Leak52,Curated 52 attribution outcome
2023-06-01,76,1,0.013157894736842105,0.006661034060192649,Leak52,Curated 52 attribution outcome
2023-07-01,62,0,0.0,0.00461042798941086,Leak52,Curated 52 attribution outcome
2023-08-01,58,0,0.0,0.012535042397488403,Leak52,Curated 52 attribution outcome
2023-09-01,57,1,0.017543859649122806,0.009054417384328148,Leak52,Curated 52 attribution outcome
2023-10-01,71,0,0.0,0.0032996068923923857,Leak52,Curated 52 attribution outcome
2023-11-01,80,0,0.0,0.0079045872666622,Leak52,Curated 52 attribution outcome
2023-12-01,37,0,0.0,0.00429083301695864,Leak52,Curated 52 attribution outcome
2024-01-01,75,0,0.0,0.0,Leak52,Curated 52 attribution outcome
2024-02-01,51,0,0.0,0.004697317302481706,Leak52,Curated 52 attribution outcome
2024-03-01,83,1,0.012048192771084338,0.010758874074373922,Leak52,Curated 52 attribution outcome
2024-04-01,72,0,0.0,0.00787140291100223,Leak52,Curated 52 attribution outcome
2024-05-01,33,0,0.0,0.007572765505930746,Leak52,Curated 52 attribution outcome
2024-06-01,10,0,0.0,0.0057078948900242425,Leak52,Curated 52 attribution outcome
2024-07-01,3,0,0.0,0.003950713676552176,Leak52,Curated 52 attribution outcome
2024-09-01,1,0,0.0,0.0002761650958602038,Leak52,Curated 52 attribution outcome
2024-10-01,208,0,0.0,0.0001147213040814778,Leak52,Curated 52 attribution outcome
2024-11-01,156,0,0.0,0.00031328144054769625,Leak52,Curated 52 attribution outcome
2024-12-01,106,0,0.0,0.00019385217500058024,Leak52,Curated 52 attribution outcome
2025-01-01,100,0,0.0,0.0,Leak52,Curated 52 attribution outcome
2025-02-01,110,0,0.0,0.0002757567508678386,Leak52,Curated 52 attribution outcome
2025-03-01,110,0,0.0,0.0007199737719521814,Leak52,Curated 52 attribution outcome
2025-04-01,181,0,0.0,0.00060044825915619,Leak52,Curated 52 attribution outcome
2025-05-01,126,0,0.0,0.000658493589694336,Leak52,Curated 52 attribution outcome
2025-06-01,160,0,0.0,0.0005657787155049211,Leak52,Curated 52 attribution outcome
2025-07-01,191,0,0.0,0.0004463954813336468,Leak52,Curated 52 attribution outcome
2025-08-01,117,1,0.008547008547008548,0.0013834961327857283,Leak52,Curated 52 attribution outcome
2025-09-01,165,0,0.0,0.0011391639908320626,Leak52,Curated 52 attribution outcome
2025-10-01,131,0,0.0,0.00047321830510061726,Leak52,Curated 52 attribution outcome
2025-11-01,169,0,0.0,0.001292266623905967,Leak52,Curated 52 attribution outcome
2025-12-01,102,1,0.00980392156862745,0.0007996282680738241,Leak52,Curated 52 attribution outcome
2026-01-01,145,0,0.0,0.0,Leak52,Curated 52 attribution outcome
2026-02-01,119,0,0.0,0.001137479592918961,Leak52,Curated 52 attribution outcome
2026-03-01,141,0,0.0,0.002969847412457356,Leak52,Curated 52 attribution outcome
2026-04-01,63,0,0.0,0.0024768120426586497,Leak52,Curated 52 attribution outcome
2026-07-01,1,0,0.0,0.0018413538337330412,Leak52,Curated 52 attribution outcome
2026-08-01,1,0,0.0,0.0057068362351001415,Leak52,Curated 52 attribution outcome
2012-06-01,1,0,0.0,0.03378375653962947,Leak55,Broad 55 attribution outcome
2012-07-01,1,0,0.0,0.023543647621459267,Leak55,Broad 55 attribution outcome
2012-08-01,1,0,0.0,0.06349902698817401,Leak55,Broad 55 attribution outcome
2012-09-01,4,0,0.0,0.053941100613994576,Leak55,Broad 55 attribution outcome
2012-10-01,2,0,0.0,0.016871581759757164,Leak55,Broad 55 attribution outcome
2012-11-01,3,0,0.0,0.040123665034329056,Leak55,Broad 55 attribution outcome
2012-12-01,1,0,0.0,0.02195601635282904,Leak55,Broad 55 attribution outcome
2013-01-01,2,0,0.0,0.0,Leak55,Broad 55 attribution outcome
2013-02-01,1,0,0.0,0.03989657957197169,Leak55,Broad 55 attribution outcome
2013-03-01,3,0,0.0,0.05479119500545369,Leak55,Broad 55 attribution outcome
2013-04-01,1,0,0.0,0.04029831612504871,Leak55,Broad 55 attribution outcome
2013-06-01,5,0,0.0,0.02925595815322384,Leak55,Broad 55 attribution outcome
2013-07-01,4,0,0.0,0.020388258741436405,Leak55,Broad 55 attribution outcome
2013-09-01,4,0,0.0,0.0467117557057546,Leak55,Broad 55 attribution outcome
2013-10-01,2,0,0.0,0.014610402764510434,Leak55,Broad 55 attribution outcome
2013-12-01,4,0,0.0,0.019013406483567717,Leak55,Broad 55 attribution outcome
2014-01-01,4,0,0.0,0.0,Leak55,Broad 55 attribution outcome
2014-03-01,4,0,0.0,0.0474479179473231,Leak55,Broad 55 attribution outcome
2014-04-01,1,0,0.0,0.034897417308132804,Leak55,Broad 55 attribution outcome
2014-05-01,1,0,0.0,0.03344812303474048,Leak55,Broad 55 attribution outcome
2014-06-01,2,0,0.0,0.02533498861972829,Leak55,Broad 55 attribution outcome
2014-07-01,9,0,0.0,0.017655764356958786,Leak55,Broad 55 attribution outcome
2014-08-01,2,0,0.0,0.0476189533340407,Leak55,Broad 55 attribution outcome
2014-09-01,8,0,0.0,0.04045130885868501,Leak55,Broad 55 attribution outcome
2014-10-01,2,0,0.0,0.012652273626790438,Leak55,Broad 55 attribution outcome
2014-11-01,1,0,0.0,0.03008938913687973,Leak55,Broad 55 attribution outcome
2014-12-01,12,0,0.0,0.01646517384119157,Leak55,Broad 55 attribution outcome
2015-01-01,9,0,0.0,0.0,Leak55,Broad 55 attribution outcome
2015-02-01,7,0,0.0,0.029919094054455107,Leak55,Broad 55 attribution outcome
2015-03-01,3,1,0.3333333333333333,0.041088808472087915,Leak55,Broad 55 attribution outcome
2015-04-01,16,1,0.0625,0.03022036283101631,Leak55,Broad 55 attribution outcome
2015-05-01,10,0,0.0,0.028965307237529082,Leak55,Broad 55 attribution outcome
2015-06-01,6,0,0.0,0.02193951895200646,Leak55,Broad 55 attribution outcome
2015-07-01,15,0,0.0,0.015289486904289438,Leak55,Broad 55 attribution outcome
2015-08-01,11,0,0.0,0.04123692119337931,Leak55,Broad 55 attribution outcome
2015-09-01,23,0,0.0,0.03502990550575998,Leak55,Broad 55 attribution outcome
2015-10-01,33,0,0.0,0.010956578713628705,Leak55,Broad 55 attribution outcome
2015-11-01,8,0,0.0,0.02605672073240308,Leak55,Broad 55 attribution outcome
2015-12-01,11,0,0.0,0.014258462830159248,Leak55,Broad 55 attribution outcome
2016-01-01,20,0,0.0,0.0,Leak55,Broad 55 attribution outcome
2016-02-01,11,0,0.0,0.02590924909764658,Leak55,Broad 55 attribution outcome
2016-03-01,15,1,0.06666666666666667,0.03558196554652347,Leak55,Broad 55 attribution outcome
2016-04-01,22,1,0.045454545454545456,0.026170140946947248,Leak55,Broad 55 attribution outcome
2016-05-01,19,1,0.05263157894736842,0.025083291594360856,Leak55,Broad 55 attribution outcome
2016-06-01,20,0,0.0,0.018999120112910977,Leak55,Broad 55 attribution outcome
2016-07-01,16,0,0.0,0.0132403449134334,Leak55,Broad 55 attribution outcome
2016-08-01,14,0,0.0,0.03571022776540899,Leak55,Broad 55 attribution outcome
2016-09-01,10,0,0.0,0.03033509457084014,Leak55,Broad 55 attribution outcome
2016-10-01,14,1,0.07142857142857142,0.009488145818610018,Leak55,Broad 55 attribution outcome
2016-11-01,21,1,0.047619047619047616,0.02256452240481914,Leak55,Broad 55 attribution outcome
2016-12-01,11,1,0.09090909090909091,0.012347501717256083,Leak55,Broad 55 attribution outcome
2017-01-01,22,0,0.0,0.0,Leak55,Broad 55 attribution outcome
2017-02-01,14,0,0.0,0.022436815352166104,Leak55,Broad 55 attribution outcome
2017-03-01,17,1,0.058823529411764705,0.0308131659017088,Leak55,Broad 55 attribution outcome
2017-04-01,26,0,0.0,0.022662741708718674,Leak55,Broad 55 attribution outcome
2017-05-01,16,0,0.0,0.02172155510204789,Leak55,Broad 55 attribution outcome
2017-06-01,17,0,0.0,0.016452802171936707,Leak55,Broad 55 attribution outcome
2017-07-01,21,1,0.047619047619047616,0.011465834957319572,Leak55,Broad 55 attribution outcome
2017-08-01,8,1,0.125,0.03092423804088767,Leak55,Broad 55 attribution outcome
2017-09-01,10,0,0.0,0.026269496001652175,Leak55,Broad 55 attribution outcome
2017-10-01,4,1,0.25,0.008216516617840414,Leak55,Broad 55 attribution outcome
2017-11-01,4,0,0.0,0.019540358765269224,Leak55,Broad 55 attribution outcome
2018-02-01,14,0,0.0,0.01942976738731201,Leak55,Broad 55 attribution outcome
2018-03-01,20,0,0.0,0.026683494807076397,Leak55,Broad 55 attribution outcome
2018-04-01,19,1,0.05263157894736842,0.019625414429264226,Leak55,Broad 55 attribution outcome
2018-05-01,14,0,0.0,0.018810368419006743,Leak55,Broad 55 attribution outcome
2018-06-01,27,0,0.0,0.014247749248394557,Leak55,Broad 55 attribution outcome
2018-07-01,38,0,0.0,0.009929150043146486,Leak55,Broad 55 attribution outcome
2018-08-01,25,1,0.04,0.026779680731575176,Leak55,Broad 55 attribution outcome
2018-09-01,43,1,0.023255813953488372,0.022748780906856635,Leak55,Broad 55 attribution outcome
2018-10-01,40,0,0.0,0.0071153149015513156,Leak55,Broad 55 attribution outcome
2018-11-01,44,0,0.0,0.016921502428692507,Leak55,Broad 55 attribution outcome
2018-12-01,32,0,0.0,0.009259592405652274,Leak55,Broad 55 attribution outcome
2019-01-01,40,0,0.0,0.0,Leak55,Broad 55 attribution outcome
2019-02-01,40,0,0.0,0.01682573283238287,Leak55,Broad 55 attribution outcome
2019-03-01,52,1,0.019230769230769232,0.02310729437509007,Leak55,Broad 55 attribution outcome
2019-04-01,35,1,0.02857142857142857,0.016995158682508265,Leak55,Broad 55 attribution outcome
2019-05-01,60,2,0.03333333333333333,0.016289347535039404,Leak55,Broad 55 attribution outcome
2019-06-01,33,0,0.0,0.012338224001220815,Leak55,Broad 55 attribution outcome
2019-07-01,50,1,0.02,0.008598416159512139,Leak55,Broad 55 attribution outcome
2019-08-01,27,0,0.0,0.02319058917917038,Leak55,Broad 55 attribution outcome
2019-09-01,31,3,0.0967741935483871,0.0196999224010852,Leak55,Broad 55 attribution outcome
2019-10-01,43,0,0.0,0.006161699477161772,Leak55,Broad 55 attribution outcome
2019-11-01,52,2,0.038461538461538464,0.01465363291861247,Leak55,Broad 55 attribution outcome
2019-12-01,29,0,0.0,0.008018594605306824,Leak55,Broad 55 attribution outcome
2020-01-01,53,0,0.0,0.0,Leak55,Broad 55 attribution outcome
2020-02-01,47,2,0.0425531914893617,0.014570698645193234,Leak55,Broad 55 attribution outcome
2020-03-01,91,2,0.02197802197802198,0.02001038684016264,Leak55,Broad 55 attribution outcome
2020-04-01,51,2,0.0392156862745098,0.014717417544719079,Leak55,Broad 55 attribution outcome
2020-05-01,36,1,0.027777777777777776,0.01410620128254274,Leak55,Broad 55 attribution outcome
2020-06-01,69,1,0.014492753623188406,0.010684618942283482,Leak55,Broad 55 attribution outcome
2020-07-01,53,0,0.0,0.007446031143742371,Leak55,Broad 55 attribution outcome
2020-08-01,49,1,0.02040816326530612,0.020082518229686902,Leak55,Broad 55 attribution outcome
2020-09-01,46,0,0.0,0.017059680876868717,Leak55,Broad 55 attribution outcome
2020-10-01,29,0,0.0,0.005335890395880849,Leak55,Broad 55 attribution outcome
2020-11-01,40,2,0.05,0.012689709948529356,Leak55,Broad 55 attribution outcome
2020-12-01,5,0,0.0,0.006943918979091001,Leak55,Broad 55 attribution outcome
2021-01-01,87,0,0.0,0.0,Leak55,Broad 55 attribution outcome
2021-02-01,56,1,0.017857142857142856,0.012617890770286853,Leak55,Broad 55 attribution outcome
2021-03-01,78,2,0.02564102564102564,0.017328535958957007,Leak55,Broad 55 attribution outcome
2021-04-01,40,0,0.0,0.012744945971498108,Leak55,Broad 55 attribution outcome
2021-05-01,40,1,0.025,0.012215646709948399,Leak55,Broad 55 attribution outcome
2021-06-01,44,2,0.045454545454545456,0.009252634895468513,Leak55,Broad 55 attribution outcome
2021-07-01,25,0,0.0,0.006448092156163679,Leak55,Broad 55 attribution outcome
2021-08-01,20,0,0.0,0.017391000087568106,Leak55,Broad 55 attribution outcome
2021-09-01,33,0,0.0,0.014773292284875617,Leak55,Broad 55 attribution outcome
2021-10-01,46,0,0.0,0.004620758675813943,Leak55,Broad 55 attribution outcome
2021-11-01,42,0,0.0,0.010988997709453496,Leak55,Broad 55 attribution outcome
2021-12-01,35,0,0.0,0.006013274540187988,Leak55,Broad 55 attribution outcome
2022-01-01,36,0,0.0,0.0,Leak55,Broad 55 attribution outcome
2022-02-01,62,1,0.016129032258064516,0.010926803948650232,Leak55,Broad 55 attribution outcome
2022-03-01,81,1,0.012345679012345678,0.015006114618343183,Leak55,Broad 55 attribution outcome
2022-04-01,59,0,0.0,0.011036830838212537,Leak55,Broad 55 attribution outcome
2022-05-01,66,0,0.0,0.010578469820003513,Leak55,Broad 55 attribution outcome
2022-06-01,46,0,0.0,0.008012569561095181,Leak55,Broad 55 attribution outcome
2022-07-01,53,1,0.018867924528301886,0.005583899885957569,Leak55,Broad 55 attribution outcome
2022-08-01,73,2,0.0273972602739726,0.01506020712077347,Leak55,Broad 55 attribution outcome
2022-09-01,94,2,0.02127659574468085,0.012793332214689387,Leak55,Broad 55 attribution outcome
2022-10-01,35,0,0.0,0.004001471011584597,Leak55,Broad 55 attribution outcome
2022-11-01,74,0,0.0,0.009516219925292243,Leak55,Broad 55 attribution outcome
2022-12-01,72,0,0.0,0.005207357805376715,Leak55,Broad 55 attribution outcome
2023-01-01,58,0,0.0,0.0,Leak55,Broad 55 attribution outcome
2023-02-01,49,0,0.0,0.009462361555181221,Leak55,Broad 55 attribution outcome
2023-03-01,73,0,0.0,0.012994951014454114,Leak55,Broad 55 attribution outcome
2023-04-01,58,0,0.0,0.009557642317490418,Leak55,Broad 55 attribution outcome
2023-05-01,63,0,0.0,0.009160712190668606,Leak55,Broad 55 attribution outcome
2023-06-01,76,1,0.013157894736842105,0.006938701429020142,Leak55,Broad 55 attribution outcome
2023-07-01,62,0,0.0,0.0048355292048039905,Leak55,Broad 55 attribution outcome
2023-08-01,58,0,0.0,0.013041793880659543,Leak55,Broad 55 attribution outcome
2023-09-01,57,1,0.017543859649122806,0.011078732214820433,Leak55,Broad 55 attribution outcome
2023-10-01,71,0,0.0,0.0034651821010175093,Leak55,Broad 55 attribution outcome
2023-11-01,80,0,0.0,0.008240828150198321,Leak55,Broad 55 attribution outcome
2023-12-01,37,0,0.0,0.004509452401015772,Leak55,Broad 55 attribution outcome
2024-01-01,75,0,0.0,0.0,Leak55,Broad 55 attribution outcome
2024-02-01,51,1,0.0196078431372549,0.008194188037210268,Leak55,Broad 55 attribution outcome
2024-03-01,83,1,0.012048192771084338,0.011253329470217406,Leak55,Broad 55 attribution outcome
2024-04-01,72,0,0.0,0.008276698991599106,Leak55,Broad 55 attribution outcome
2024-05-01,33,0,0.0,0.007932966607474475,Leak55,Broad 55 attribution outcome
2024-06-01,10,0,0.0,0.006008756261518872,Leak55,Broad 55 attribution outcome
2024-07-01,3,0,0.0,0.004187457362785884,Leak55,Broad 55 attribution outcome
2024-09-01,1,0,0.0,0.0003156248226424731,Leak55,Broad 55 attribution outcome
2024-10-01,208,0,0.0,0.00011206548574436199,Leak55,Broad 55 attribution outcome
2024-11-01,156,0,0.0,0.00030253902456386987,Leak55,Broad 55 attribution outcome
2024-12-01,106,0,0.0,0.00018793128397925077,Leak55,Broad 55 attribution outcome
2025-01-01,100,0,0.0,0.0,Leak55,Broad 55 attribution outcome
2025-02-01,110,0,0.0,0.00044005874706042796,Leak55,Broad 55 attribution outcome
2025-03-01,110,0,0.0,0.000686041670005633,Leak55,Broad 55 attribution outcome
2025-04-01,181,0,0.0,0.0005727846244407014,Leak55,Broad 55 attribution outcome
2025-05-01,126,0,0.0,0.0006232101900587591,Leak55,Broad 55 attribution outcome
2025-06-01,160,0,0.0,0.0005358561710337164,Leak55,Broad 55 attribution outcome
2025-07-01,191,0,0.0,0.0004239149920800317,Leak55,Broad 55 attribution outcome
2025-08-01,117,1,0.008547008547008548,0.0012978868333121758,Leak55,Broad 55 attribution outcome
2025-09-01,165,0,0.0,0.0012515675338217163,Leak55,Broad 55 attribution outcome
2025-10-01,131,0,0.0,0.00044438052256264157,Leak55,Broad 55 attribution outcome
2025-11-01,169,0,0.0,0.0011996775718972812,Leak55,Broad 55 attribution outcome
2025-12-01,102,1,0.00980392156862745,0.000745216081703096,Leak55,Broad 55 attribution outcome
2026-01-01,145,0,0.0,0.0,Leak55,Broad 55 attribution outcome
2026-02-01,119,0,0.0,0.0017449934266386138,Leak55,Broad 55 attribution outcome
2026-03-01,141,0,0.0,0.0027204054289497424,Leak55,Broad 55 attribution outcome
2026-04-01,63,0,0.0,0.002271299937122812,Leak55,Broad 55 attribution outcome
2026-07-01,1,0,0.0,0.0016809775503261108,Leak55,Broad 55 attribution outcome
2026-08-01,1,0,0.0,0.005146594648508488,Leak55,Broad 55 attribution outcome
2012-06-01,1,0,0.0,0.0736262452047792,Leak269,Candidate-inclusive upper-bound attribution outcome
2012-07-01,1,0,0.0,0.0722519446763903,Leak269,Candidate-inclusive upper-bound attribution outcome
2012-08-01,1,0,0.0,0.091946642332038,Leak269,Candidate-inclusive upper-bound attribution outcome
2012-09-01,4,1,0.25,0.06856761164541242,Leak269,Candidate-inclusive upper-bound attribution outcome
2012-10-01,2,0,0.0,0.06974762166551698,Leak269,Candidate-inclusive upper-bound attribution outcome
2012-11-01,3,0,0.0,0.07780770007510565,Leak269,Candidate-inclusive upper-bound attribution outcome
2012-12-01,1,0,0.0,0.12789410234487641,Leak269,Candidate-inclusive upper-bound attribution outcome
2013-01-01,2,0,0.0,0.04409291826494826,Leak269,Candidate-inclusive upper-bound attribution outcome
2013-02-01,1,0,0.0,0.07118999951521107,Leak269,Candidate-inclusive upper-bound attribution outcome
2013-03-01,3,0,0.0,0.11683296629959215,Leak269,Candidate-inclusive upper-bound attribution outcome
2013-04-01,1,0,0.0,0.0727425597214866,Leak269,Candidate-inclusive upper-bound attribution outcome
2013-06-01,5,1,0.2,0.0681257166859866,Leak269,Candidate-inclusive upper-bound attribution outcome
2013-07-01,4,0,0.0,0.0668540885026123,Leak269,Candidate-inclusive upper-bound attribution outcome
2013-09-01,4,0,0.0,0.06344500757573479,Leak269,Candidate-inclusive upper-bound attribution outcome
2013-10-01,2,0,0.0,0.06453686046179027,Leak269,Candidate-inclusive upper-bound attribution outcome
2013-12-01,4,0,0.0,0.1183392872734743,Leak269,Candidate-inclusive upper-bound attribution outcome
2014-01-01,4,0,0.0,0.04079878919835563,Leak269,Candidate-inclusive upper-bound attribution outcome
2014-03-01,4,0,0.0,0.1081045154424469,Leak269,Candidate-inclusive upper-bound attribution outcome
2014-04-01,1,0,0.0,0.06730805028582088,Leak269,Candidate-inclusive upper-bound attribution outcome
2014-05-01,1,0,0.0,0.07531381159848183,Leak269,Candidate-inclusive upper-bound attribution outcome
2014-06-01,2,0,0.0,0.06303612605900012,Leak269,Candidate-inclusive upper-bound attribution outcome
2014-07-01,9,0,0.0,0.06185949969282421,Leak269,Candidate-inclusive upper-bound attribution outcome
2014-08-01,2,0,0.0,0.07872138692695305,Leak269,Candidate-inclusive upper-bound attribution outcome
2014-09-01,8,0,0.0,0.0587051071153119,Leak269,Candidate-inclusive upper-bound attribution outcome
2014-10-01,2,0,0.0,0.05971538898112358,Leak269,Candidate-inclusive upper-bound attribution outcome
2014-11-01,1,0,0.0,0.06661613636079952,Leak269,Candidate-inclusive upper-bound attribution outcome
2014-12-01,12,2,0.16666666666666666,0.10949830098209291,Leak269,Candidate-inclusive upper-bound attribution outcome
2015-01-01,9,0,0.0,0.0377507605654464,Leak269,Candidate-inclusive upper-bound attribution outcome
2015-02-01,7,0,0.0,0.060950300685572736,Leak269,Candidate-inclusive upper-bound attribution outcome
2015-03-01,3,1,0.3333333333333333,0.10002815668549057,Leak269,Candidate-inclusive upper-bound attribution outcome
2015-04-01,16,1,0.0625,0.062279546535402124,Leak269,Candidate-inclusive upper-bound attribution outcome
2015-05-01,10,0,0.0,0.06968720701740871,Leak269,Candidate-inclusive upper-bound attribution outcome
2015-06-01,6,1,0.16666666666666666,0.05832677264654023,Leak269,Candidate-inclusive upper-bound attribution outcome
2015-07-01,15,1,0.06666666666666667,0.05723805062568463,Leak269,Candidate-inclusive upper-bound attribution outcome
2015-08-01,11,0,0.0,0.07284020647796684,Leak269,Candidate-inclusive upper-bound attribution outcome
2015-09-01,23,0,0.0,0.05431931893626742,Leak269,Candidate-inclusive upper-bound attribution outcome
2015-10-01,33,4,0.12121212121212122,0.055254123854973455,Leak269,Candidate-inclusive upper-bound attribution outcome
2015-11-01,8,0,0.0,0.061639324670277926,Leak269,Candidate-inclusive upper-bound attribution outcome
2015-12-01,11,3,0.2727272727272727,0.10131781417828888,Leak269,Candidate-inclusive upper-bound attribution outcome
2016-01-01,20,3,0.15,0.03493044649783629,Leak269,Candidate-inclusive upper-bound attribution outcome
2016-02-01,11,0,0.0,0.05639677678635025,Leak269,Candidate-inclusive upper-bound attribution outcome
2016-03-01,15,1,0.06666666666666667,0.0925551730096222,Leak269,Candidate-inclusive upper-bound attribution outcome
2016-04-01,22,1,0.045454545454545456,0.05762671627219032,Leak269,Candidate-inclusive upper-bound attribution outcome
2016-05-01,19,1,0.05263157894736842,0.06448095931961931,Leak269,Candidate-inclusive upper-bound attribution outcome
2016-06-01,20,1,0.05,0.05396924938212418,Leak269,Candidate-inclusive upper-bound attribution outcome
2016-07-01,16,0,0.0,0.05296186447832641,Leak269,Candidate-inclusive upper-bound attribution outcome
2016-08-01,14,0,0.0,0.06739840197017985,Leak269,Candidate-inclusive upper-bound attribution outcome
2016-09-01,10,0,0.0,0.05026118773455658,Leak269,Candidate-inclusive upper-bound attribution outcome
2016-10-01,14,1,0.07142857142857142,0.05112615449839605,Leak269,Candidate-inclusive upper-bound attribution outcome
2016-11-01,21,1,0.047619047619047616,0.05703432461513494,Leak269,Candidate-inclusive upper-bound attribution outcome
2016-12-01,11,1,0.09090909090909091,0.0937484817371279,Leak269,Candidate-inclusive upper-bound attribution outcome
2017-01-01,22,0,0.0,0.03232083471332778,Leak269,Candidate-inclusive upper-bound attribution outcome
2017-02-01,14,0,0.0,0.052183441199040385,Leak269,Candidate-inclusive upper-bound attribution outcome
2017-03-01,17,2,0.11764705882352941,0.0856404869858378,Leak269,Candidate-inclusive upper-bound attribution outcome
2017-04-01,26,0,0.0,0.05332149338029989,Leak269,Candidate-inclusive upper-bound attribution outcome
2017-05-01,16,1,0.0625,0.05966366414627199,Leak269,Candidate-inclusive upper-bound attribution outcome
2017-06-01,17,1,0.058823529411764705,0.04993727145715273,Leak269,Candidate-inclusive upper-bound attribution outcome
2017-07-01,21,1,0.047619047619047616,0.04900514707190143,Leak269,Candidate-inclusive upper-bound attribution outcome
2017-08-01,8,2,0.25,0.062363148153732895,Leak269,Candidate-inclusive upper-bound attribution outcome
2017-09-01,10,1,0.1,0.04650623465018589,Leak269,Candidate-inclusive upper-bound attribution outcome
2017-10-01,4,1,0.25,0.04730658078398952,Leak269,Candidate-inclusive upper-bound attribution outcome
2017-11-01,4,1,0.25,0.0527733585938056,Leak269,Candidate-inclusive upper-bound attribution outcome
2018-02-01,14,0,0.0,0.04828487886266543,Leak269,Candidate-inclusive upper-bound attribution outcome
2018-03-01,20,0,0.0,0.07924238886581698,Leak269,Candidate-inclusive upper-bound attribution outcome
2018-04-01,19,1,0.05263157894736842,0.049337908529718505,Leak269,Candidate-inclusive upper-bound attribution outcome
2018-05-01,14,0,0.0,0.0552062633205277,Leak269,Candidate-inclusive upper-bound attribution outcome
2018-06-01,27,0,0.0,0.04620651776956786,Leak269,Candidate-inclusive upper-bound attribution outcome
2018-07-01,38,1,0.02631578947368421,0.04534403127974198,Leak269,Candidate-inclusive upper-bound attribution outcome
2018-08-01,25,1,0.04,0.057704072113834194,Leak269,Candidate-inclusive upper-bound attribution outcome
2018-09-01,43,2,0.046511627906976744,0.04303180960944776,Leak269,Candidate-inclusive upper-bound attribution outcome
2018-10-01,40,0,0.0,0.043772362843020676,Leak269,Candidate-inclusive upper-bound attribution outcome
2018-11-01,44,1,0.022727272727272728,0.04883072423603924,Leak269,Candidate-inclusive upper-bound attribution outcome
2018-12-01,32,2,0.0625,0.0802640566035257,Leak269,Candidate-inclusive upper-bound attribution outcome
2019-01-01,40,0,0.0,0.027671928748434733,Leak269,Candidate-inclusive upper-bound attribution outcome
2019-02-01,40,0,0.0,0.04467757344498675,Leak269,Candidate-inclusive upper-bound attribution outcome
2019-03-01,52,5,0.09615384615384616,0.07332228498653635,Leak269,Candidate-inclusive upper-bound attribution outcome
2019-04-01,35,3,0.08571428571428572,0.04565193252794785,Leak269,Candidate-inclusive upper-bound attribution outcome
2019-05-01,60,3,0.05,0.05108186956710535,Leak269,Candidate-inclusive upper-bound attribution outcome
2019-06-01,33,2,0.06060606060606061,0.04275448421769109,Leak269,Candidate-inclusive upper-bound attribution outcome
2019-07-01,50,3,0.06,0.04195643305960275,Leak269,Candidate-inclusive upper-bound attribution outcome
2019-08-01,27,0,0.0,0.05339307005974588,Leak269,Candidate-inclusive upper-bound attribution outcome
2019-09-01,31,4,0.12903225806451613,0.039816954698489296,Leak269,Candidate-inclusive upper-bound attribution outcome
2019-10-01,43,0,0.0,0.0405021820877301,Leak269,Candidate-inclusive upper-bound attribution outcome
2019-11-01,52,4,0.07692307692307693,0.04518263936485533,Leak269,Candidate-inclusive upper-bound attribution outcome
2019-12-01,29,1,0.034482758620689655,0.07426762515229893,Leak269,Candidate-inclusive upper-bound attribution outcome
2020-01-01,53,1,0.018867924528301886,0.025604592123737762,Leak269,Candidate-inclusive upper-bound attribution outcome
2020-02-01,47,3,0.06382978723404255,0.04133976549075679,Leak269,Candidate-inclusive upper-bound attribution outcome
2020-03-01,91,10,0.10989010989010989,0.06784446497127222,Leak269,Candidate-inclusive upper-bound attribution outcome
2020-04-01,51,3,0.058823529411764705,0.04224133137465592,Leak269,Candidate-inclusive upper-bound attribution outcome
2020-05-01,36,3,0.08333333333333333,0.04726560432682831,Leak269,Candidate-inclusive upper-bound attribution outcome
2020-06-01,69,3,0.043478260869565216,0.03956034795430312,Leak269,Candidate-inclusive upper-bound attribution outcome
2020-07-01,53,4,0.07547169811320754,0.038821918241561,Leak269,Candidate-inclusive upper-bound attribution outcome
2020-08-01,49,3,0.061224489795918366,0.04940413780124656,Leak269,Candidate-inclusive upper-bound attribution outcome
2020-09-01,46,0,0.0,0.036842277744077716,Leak269,Candidate-inclusive upper-bound attribution outcome
2020-10-01,29,1,0.034482758620689655,0.037476312616493965,Leak269,Candidate-inclusive upper-bound attribution outcome
2020-11-01,40,2,0.05,0.041807098541206504,Leak269,Candidate-inclusive upper-bound attribution outcome
2020-12-01,5,0,0.0,0.06871917990648999,Leak269,Candidate-inclusive upper-bound attribution outcome
2021-01-01,87,1,0.011494252873563218,0.023691703740024144,Leak269,Candidate-inclusive upper-bound attribution outcome
2021-02-01,56,4,0.07142857142857142,0.038251321167544865,Leak269,Candidate-inclusive upper-bound attribution outcome
2021-03-01,78,9,0.11538461538461539,0.06277588632273777,Leak269,Candidate-inclusive upper-bound attribution outcome
2021-04-01,40,2,0.05,0.03908553214502225,Leak269,Candidate-inclusive upper-bound attribution outcome
2021-05-01,40,3,0.075,0.04373444768785296,Leak269,Candidate-inclusive upper-bound attribution outcome
2021-06-01,44,3,0.06818181818181818,0.03660484178213894,Leak269,Candidate-inclusive upper-bound attribution outcome
2021-07-01,25,1,0.04,0.035921579268033105,Leak269,Candidate-inclusive upper-bound attribution outcome
2021-08-01,20,2,0.1,0.045713213889993304,Leak269,Candidate-inclusive upper-bound attribution outcome
2021-09-01,33,0,0.0,0.034089835338996004,Leak269,Candidate-inclusive upper-bound attribution outcome
2021-10-01,46,2,0.043478260869565216,0.03467650222615192,Leak269,Candidate-inclusive upper-bound attribution outcome
2021-11-01,42,5,0.11904761904761904,0.03868374032601739,Leak269,Candidate-inclusive upper-bound attribution outcome
2021-12-01,35,5,0.14285714285714285,0.06358525235372171,Leak269,Candidate-inclusive upper-bound attribution outcome
2022-01-01,36,1,0.027777777777777776,0.02192172495435696,Leak269,Candidate-inclusive upper-bound attribution outcome
2022-02-01,62,3,0.04838709677419355,0.0353936108174058,Leak269,Candidate-inclusive upper-bound attribution outcome
2022-03-01,81,4,0.04938271604938271,0.05808597510900821,Leak269,Candidate-inclusive upper-bound attribution outcome
2022-04-01,59,1,0.01694915254237288,0.036165498892777516,Leak269,Candidate-inclusive upper-bound attribution outcome
2022-05-01,66,2,0.030303030303030304,0.04046709952835363,Leak269,Candidate-inclusive upper-bound attribution outcome
2022-06-01,46,1,0.021739130434782608,0.033870137933144084,Leak269,Candidate-inclusive upper-bound attribution outcome
2022-07-01,53,1,0.018867924528301886,0.03323792114239698,Leak269,Candidate-inclusive upper-bound attribution outcome
2022-08-01,73,4,0.0547945205479452,0.042298034479604806,Leak269,Candidate-inclusive upper-bound attribution outcome
2022-09-01,94,4,0.0425531914893617,0.031543024606470405,Leak269,Candidate-inclusive upper-bound attribution outcome
2022-10-01,35,1,0.02857142857142857,0.03208586231376177,Leak269,Candidate-inclusive upper-bound attribution outcome
2022-11-01,74,1,0.013513513513513514,0.03579372445891713,Leak269,Candidate-inclusive upper-bound attribution outcome
2022-12-01,72,3,0.041666666666666664,0.058834874374055796,Leak269,Candidate-inclusive upper-bound attribution outcome
2023-01-01,58,1,0.017241379310344827,0.020283979161981016,Leak269,Candidate-inclusive upper-bound attribution outcome
2023-02-01,49,0,0.0,0.0327493965818067,Leak269,Candidate-inclusive upper-bound attribution outcome
2023-03-01,73,3,0.0410958904109589,0.05374644153996179,Leak269,Candidate-inclusive upper-bound attribution outcome
2023-04-01,58,3,0.05172413793103448,0.03346361782437862,Leak269,Candidate-inclusive upper-bound attribution outcome
2023-05-01,63,2,0.031746031746031744,0.03744385103307284,Leak269,Candidate-inclusive upper-bound attribution outcome
2023-06-01,76,3,0.039473684210526314,0.03133974053044451,Leak269,Candidate-inclusive upper-bound attribution outcome
2023-07-01,62,1,0.016129032258064516,0.0307547558982557,Leak269,Candidate-inclusive upper-bound attribution outcome
2023-08-01,58,2,0.034482758620689655,0.03913799902897401,Leak269,Candidate-inclusive upper-bound attribution outcome
2023-09-01,57,3,0.05263157894736842,0.029186483050748016,Leak269,Candidate-inclusive upper-bound attribution outcome
2023-10-01,71,1,0.014084507042253521,0.02968876600366172,Leak269,Candidate-inclusive upper-bound attribution outcome
2023-11-01,80,1,0.0125,0.03311961821280237,Leak269,Candidate-inclusive upper-bound attribution outcome
2023-12-01,37,1,0.02702702702702703,0.05443939143867088,Leak269,Candidate-inclusive upper-bound attribution outcome
2024-01-01,75,0,0.0,0.018768587394483557,Leak269,Candidate-inclusive upper-bound attribution outcome
2024-02-01,51,3,0.058823529411764705,0.030302728421961685,Leak269,Candidate-inclusive upper-bound attribution outcome
2024-03-01,83,3,0.03614457831325301,0.049731109321784456,Leak269,Candidate-inclusive upper-bound attribution outcome
2024-04-01,72,0,0.0,0.03096359105168344,Leak269,Candidate-inclusive upper-bound attribution outcome
2024-05-01,33,0,0.0,0.03464646580871442,Leak269,Candidate-inclusive upper-bound attribution outcome
2024-06-01,10,0,0.0,0.028998386084352474,Leak269,Candidate-inclusive upper-bound attribution outcome
2024-07-01,3,0,0.0,0.028457104952776244,Leak269,Candidate-inclusive upper-bound attribution outcome
2024-09-01,1,0,0.0,0.017919280646238593,Leak269,Candidate-inclusive upper-bound attribution outcome
2024-10-01,208,4,0.019230769230769232,0.0189033652532272,Leak269,Candidate-inclusive upper-bound attribution outcome
2024-11-01,156,3,0.019230769230769232,0.021869581619117454,Leak269,Candidate-inclusive upper-bound attribution outcome
2024-12-01,106,5,0.04716981132075472,0.03728005878286355,Leak269,Candidate-inclusive upper-bound attribution outcome
2025-01-01,100,3,0.03,0.013329169403150907,Leak269,Candidate-inclusive upper-bound attribution outcome
2025-02-01,110,0,0.0,0.02231831526232009,Leak269,Candidate-inclusive upper-bound attribution outcome
2025-03-01,110,2,0.01818181818181818,0.03798533799120926,Leak269,Candidate-inclusive upper-bound attribution outcome
2025-04-01,181,6,0.03314917127071823,0.024527164562046132,Leak269,Candidate-inclusive upper-bound attribution outcome
2025-05-01,126,5,0.03968253968253968,0.028461850677604403,Leak269,Candidate-inclusive upper-bound attribution outcome
2025-06-01,160,2,0.0125,0.024705076179055457,Leak269,Candidate-inclusive upper-bound attribution outcome
2025-07-01,191,6,0.031413612565445025,0.025142662114636675,Leak269,Candidate-inclusive upper-bound attribution outcome
2025-08-01,117,4,0.03418803418803419,0.03318224507903746,Leak269,Candidate-inclusive upper-bound attribution outcome
2025-09-01,165,3,0.01818181818181818,0.02566238926054779,Leak269,Candidate-inclusive upper-bound attribution outcome
2025-10-01,131,5,0.03816793893129771,0.027071707120366984,Leak269,Candidate-inclusive upper-bound attribution outcome
2025-11-01,169,5,0.029585798816568046,0.03131965660646766,Leak269,Candidate-inclusive upper-bound attribution outcome
2025-12-01,102,4,0.0392156862745098,0.05338916215605825,Leak269,Candidate-inclusive upper-bound attribution outcome
2026-01-01,145,4,0.027586206896551724,0.019088842933839622,Leak269,Candidate-inclusive upper-bound attribution outcome
2026-02-01,119,7,0.058823529411764705,0.03196229275093731,Leak269,Candidate-inclusive upper-bound attribution outcome
2026-03-01,141,5,0.03546099290780142,0.05439919988799891,Leak269,Candidate-inclusive upper-bound attribution outcome
2026-04-01,63,2,0.031746031746031744,0.03512560893904308,Leak269,Candidate-inclusive upper-bound attribution outcome
2026-07-01,1,0,0.0,0.036007069422603774,Leak269,Candidate-inclusive upper-bound attribution outcome
2026-08-01,1,0,0.0,0.0475206402850718,Leak269,Candidate-inclusive upper-bound attribution outcome
