period,period_start,frequency,applications_started,post_july2024_period,exact_post_july2024_applications,strict_21_leakage_risk_applications,strict_21_leakage_rate,strict_21_leakage_rate_percent,main_27_leakage_risk_applications,main_27_leakage_rate,main_27_leakage_rate_percent,archived_broad_48_leakage_risk_applications,archived_broad_48_leakage_rate,archived_broad_48_leakage_rate_percent,final_expanded_leakage_risk_applications,final_expanded_leakage_rate,final_expanded_leakage_rate_percent
2012-06,2012-06-01,monthly,1,0,0,0,0.00000000,0.00000,0,0.00000000,0.00000,0,0.00000000,0.00000,0,0.00000000,0.00000
2012-07,2012-07-01,monthly,1,0,0,0,0.00000000,0.00000,0,0.00000000,0.00000,0,0.00000000,0.00000,0,0.00000000,0.00000
2012-08,2012-08-01,monthly,1,0,0,0,0.00000000,0.00000,0,0.00000000,0.00000,0,0.00000000,0.00000,0,0.00000000,0.00000
2012-09,2012-09-01,monthly,4,0,0,0,0.00000000,0.00000,0,0.00000000,0.00000,0,0.00000000,0.00000,0,0.00000000,0.00000
2012-10,2012-10-01,monthly,2,0,0,0,0.00000000,0.00000,0,0.00000000,0.00000,0,0.00000000,0.00000,0,0.00000000,0.00000
2012-11,2012-11-01,monthly,3,0,0,0,0.00000000,0.00000,0,0.00000000,0.00000,0,0.00000000,0.00000,0,0.00000000,0.00000
2012-12,2012-12-01,monthly,1,0,0,0,0.00000000,0.00000,0,0.00000000,0.00000,0,0.00000000,0.00000,0,0.00000000,0.00000
2013-01,2013-01-01,monthly,2,0,0,0,0.00000000,0.00000,0,0.00000000,0.00000,0,0.00000000,0.00000,0,0.00000000,0.00000
2013-02,2013-02-01,monthly,1,0,0,0,0.00000000,0.00000,0,0.00000000,0.00000,0,0.00000000,0.00000,0,0.00000000,0.00000
2013-03,2013-03-01,monthly,3,0,0,0,0.00000000,0.00000,0,0.00000000,0.00000,0,0.00000000,0.00000,0,0.00000000,0.00000
2013-04,2013-04-01,monthly,1,0,0,0,0.00000000,0.00000,0,0.00000000,0.00000,0,0.00000000,0.00000,0,0.00000000,0.00000
2013-05,2013-05-01,monthly,0,0,0,0,,,0,,,0,,,0,,
2013-06,2013-06-01,monthly,5,0,0,0,0.00000000,0.00000,0,0.00000000,0.00000,0,0.00000000,0.00000,0,0.00000000,0.00000
2013-07,2013-07-01,monthly,4,0,0,0,0.00000000,0.00000,0,0.00000000,0.00000,0,0.00000000,0.00000,0,0.00000000,0.00000
2013-08,2013-08-01,monthly,0,0,0,0,,,0,,,0,,,0,,
2013-09,2013-09-01,monthly,4,0,0,0,0.00000000,0.00000,0,0.00000000,0.00000,0,0.00000000,0.00000,0,0.00000000,0.00000
2013-10,2013-10-01,monthly,2,0,0,0,0.00000000,0.00000,0,0.00000000,0.00000,0,0.00000000,0.00000,0,0.00000000,0.00000
2013-11,2013-11-01,monthly,0,0,0,0,,,0,,,0,,,0,,
2013-12,2013-12-01,monthly,4,0,0,0,0.00000000,0.00000,0,0.00000000,0.00000,0,0.00000000,0.00000,0,0.00000000,0.00000
2014-01,2014-01-01,monthly,4,0,0,0,0.00000000,0.00000,0,0.00000000,0.00000,0,0.00000000,0.00000,0,0.00000000,0.00000
2014-02,2014-02-01,monthly,0,0,0,0,,,0,,,0,,,0,,
2014-03,2014-03-01,monthly,4,0,0,0,0.00000000,0.00000,0,0.00000000,0.00000,0,0.00000000,0.00000,0,0.00000000,0.00000
2014-04,2014-04-01,monthly,1,0,0,0,0.00000000,0.00000,0,0.00000000,0.00000,0,0.00000000,0.00000,0,0.00000000,0.00000
2014-05,2014-05-01,monthly,1,0,0,0,0.00000000,0.00000,0,0.00000000,0.00000,0,0.00000000,0.00000,0,0.00000000,0.00000
2014-06,2014-06-01,monthly,2,0,0,0,0.00000000,0.00000,0,0.00000000,0.00000,0,0.00000000,0.00000,0,0.00000000,0.00000
2014-07,2014-07-01,monthly,9,0,0,0,0.00000000,0.00000,0,0.00000000,0.00000,0,0.00000000,0.00000,0,0.00000000,0.00000
2014-08,2014-08-01,monthly,2,0,0,0,0.00000000,0.00000,0,0.00000000,0.00000,0,0.00000000,0.00000,0,0.00000000,0.00000
2014-09,2014-09-01,monthly,8,0,0,0,0.00000000,0.00000,0,0.00000000,0.00000,0,0.00000000,0.00000,0,0.00000000,0.00000
2014-10,2014-10-01,monthly,2,0,0,0,0.00000000,0.00000,0,0.00000000,0.00000,0,0.00000000,0.00000,0,0.00000000,0.00000
2014-11,2014-11-01,monthly,1,0,0,0,0.00000000,0.00000,0,0.00000000,0.00000,0,0.00000000,0.00000,0,0.00000000,0.00000
2014-12,2014-12-01,monthly,12,0,0,0,0.00000000,0.00000,0,0.00000000,0.00000,0,0.00000000,0.00000,0,0.00000000,0.00000
2015-01,2015-01-01,monthly,9,0,0,0,0.00000000,0.00000,0,0.00000000,0.00000,0,0.00000000,0.00000,0,0.00000000,0.00000
2015-02,2015-02-01,monthly,7,0,0,0,0.00000000,0.00000,0,0.00000000,0.00000,0,0.00000000,0.00000,0,0.00000000,0.00000
2015-03,2015-03-01,monthly,3,0,0,0,0.00000000,0.00000,0,0.00000000,0.00000,1,0.33333333,33.33333,1,0.33333333,33.33333
2015-04,2015-04-01,monthly,16,0,0,0,0.00000000,0.00000,0,0.00000000,0.00000,1,0.06250000,6.25000,1,0.06250000,6.25000
2015-05,2015-05-01,monthly,10,0,0,0,0.00000000,0.00000,0,0.00000000,0.00000,0,0.00000000,0.00000,0,0.00000000,0.00000
2015-06,2015-06-01,monthly,6,0,0,0,0.00000000,0.00000,0,0.00000000,0.00000,0,0.00000000,0.00000,0,0.00000000,0.00000
2015-07,2015-07-01,monthly,15,0,0,0,0.00000000,0.00000,0,0.00000000,0.00000,0,0.00000000,0.00000,0,0.00000000,0.00000
2015-08,2015-08-01,monthly,11,0,0,0,0.00000000,0.00000,0,0.00000000,0.00000,0,0.00000000,0.00000,0,0.00000000,0.00000
2015-09,2015-09-01,monthly,23,0,0,0,0.00000000,0.00000,0,0.00000000,0.00000,0,0.00000000,0.00000,0,0.00000000,0.00000
2015-10,2015-10-01,monthly,33,0,0,0,0.00000000,0.00000,0,0.00000000,0.00000,0,0.00000000,0.00000,0,0.00000000,0.00000
2015-11,2015-11-01,monthly,8,0,0,0,0.00000000,0.00000,0,0.00000000,0.00000,0,0.00000000,0.00000,0,0.00000000,0.00000
2015-12,2015-12-01,monthly,11,0,0,0,0.00000000,0.00000,0,0.00000000,0.00000,0,0.00000000,0.00000,0,0.00000000,0.00000
2016-01,2016-01-01,monthly,20,0,0,0,0.00000000,0.00000,0,0.00000000,0.00000,0,0.00000000,0.00000,0,0.00000000,0.00000
2016-02,2016-02-01,monthly,11,0,0,0,0.00000000,0.00000,0,0.00000000,0.00000,0,0.00000000,0.00000,0,0.00000000,0.00000
2016-03,2016-03-01,monthly,15,0,0,0,0.00000000,0.00000,0,0.00000000,0.00000,0,0.00000000,0.00000,1,0.06666667,6.66667
2016-04,2016-04-01,monthly,22,0,0,1,0.04545455,4.54545,1,0.04545455,4.54545,1,0.04545455,4.54545,1,0.04545455,4.54545
2016-05,2016-05-01,monthly,19,0,0,0,0.00000000,0.00000,0,0.00000000,0.00000,1,0.05263158,5.26316,1,0.05263158,5.26316
2016-06,2016-06-01,monthly,20,0,0,0,0.00000000,0.00000,0,0.00000000,0.00000,0,0.00000000,0.00000,0,0.00000000,0.00000
2016-07,2016-07-01,monthly,16,0,0,0,0.00000000,0.00000,0,0.00000000,0.00000,0,0.00000000,0.00000,0,0.00000000,0.00000
2016-08,2016-08-01,monthly,14,0,0,0,0.00000000,0.00000,0,0.00000000,0.00000,0,0.00000000,0.00000,0,0.00000000,0.00000
2016-09,2016-09-01,monthly,10,0,0,0,0.00000000,0.00000,0,0.00000000,0.00000,0,0.00000000,0.00000,0,0.00000000,0.00000
2016-10,2016-10-01,monthly,14,0,0,1,0.07142857,7.14286,1,0.07142857,7.14286,1,0.07142857,7.14286,1,0.07142857,7.14286
2016-11,2016-11-01,monthly,21,0,0,0,0.00000000,0.00000,0,0.00000000,0.00000,1,0.04761905,4.76190,1,0.04761905,4.76190
2016-12,2016-12-01,monthly,11,0,0,0,0.00000000,0.00000,0,0.00000000,0.00000,1,0.09090909,9.09091,1,0.09090909,9.09091
2017-01,2017-01-01,monthly,22,0,0,0,0.00000000,0.00000,0,0.00000000,0.00000,0,0.00000000,0.00000,0,0.00000000,0.00000
2017-02,2017-02-01,monthly,14,0,0,0,0.00000000,0.00000,0,0.00000000,0.00000,0,0.00000000,0.00000,0,0.00000000,0.00000
2017-03,2017-03-01,monthly,17,0,0,0,0.00000000,0.00000,0,0.00000000,0.00000,1,0.05882353,5.88235,1,0.05882353,5.88235
2017-04,2017-04-01,monthly,26,0,0,0,0.00000000,0.00000,0,0.00000000,0.00000,0,0.00000000,0.00000,0,0.00000000,0.00000
2017-05,2017-05-01,monthly,16,0,0,0,0.00000000,0.00000,0,0.00000000,0.00000,0,0.00000000,0.00000,0,0.00000000,0.00000
2017-06,2017-06-01,monthly,17,0,0,0,0.00000000,0.00000,0,0.00000000,0.00000,0,0.00000000,0.00000,0,0.00000000,0.00000
2017-07,2017-07-01,monthly,21,0,0,1,0.04761905,4.76190,1,0.04761905,4.76190,1,0.04761905,4.76190,1,0.04761905,4.76190
2017-08,2017-08-01,monthly,8,0,0,0,0.00000000,0.00000,1,0.12500000,12.50000,1,0.12500000,12.50000,1,0.12500000,12.50000
2017-09,2017-09-01,monthly,10,0,0,0,0.00000000,0.00000,0,0.00000000,0.00000,0,0.00000000,0.00000,0,0.00000000,0.00000
2017-10,2017-10-01,monthly,4,0,0,0,0.00000000,0.00000,0,0.00000000,0.00000,1,0.25000000,25.00000,1,0.25000000,25.00000
2017-11,2017-11-01,monthly,4,0,0,0,0.00000000,0.00000,0,0.00000000,0.00000,0,0.00000000,0.00000,0,0.00000000,0.00000
2017-12,2017-12-01,monthly,0,0,0,0,,,0,,,0,,,0,,
2018-01,2018-01-01,monthly,0,0,0,0,,,0,,,0,,,0,,
2018-02,2018-02-01,monthly,14,0,0,0,0.00000000,0.00000,0,0.00000000,0.00000,0,0.00000000,0.00000,0,0.00000000,0.00000
2018-03,2018-03-01,monthly,20,0,0,0,0.00000000,0.00000,0,0.00000000,0.00000,0,0.00000000,0.00000,0,0.00000000,0.00000
2018-04,2018-04-01,monthly,19,0,0,1,0.05263158,5.26316,1,0.05263158,5.26316,1,0.05263158,5.26316,1,0.05263158,5.26316
2018-05,2018-05-01,monthly,14,0,0,0,0.00000000,0.00000,0,0.00000000,0.00000,0,0.00000000,0.00000,0,0.00000000,0.00000
2018-06,2018-06-01,monthly,27,0,0,0,0.00000000,0.00000,0,0.00000000,0.00000,0,0.00000000,0.00000,0,0.00000000,0.00000
2018-07,2018-07-01,monthly,38,0,0,0,0.00000000,0.00000,0,0.00000000,0.00000,0,0.00000000,0.00000,0,0.00000000,0.00000
2018-08,2018-08-01,monthly,25,0,0,0,0.00000000,0.00000,1,0.04000000,4.00000,1,0.04000000,4.00000,1,0.04000000,4.00000
2018-09,2018-09-01,monthly,43,0,0,0,0.00000000,0.00000,0,0.00000000,0.00000,1,0.02325581,2.32558,1,0.02325581,2.32558
2018-10,2018-10-01,monthly,40,0,0,0,0.00000000,0.00000,0,0.00000000,0.00000,0,0.00000000,0.00000,0,0.00000000,0.00000
2018-11,2018-11-01,monthly,44,0,0,0,0.00000000,0.00000,0,0.00000000,0.00000,0,0.00000000,0.00000,0,0.00000000,0.00000
2018-12,2018-12-01,monthly,32,0,0,0,0.00000000,0.00000,0,0.00000000,0.00000,0,0.00000000,0.00000,0,0.00000000,0.00000
2019-01,2019-01-01,monthly,40,0,0,0,0.00000000,0.00000,0,0.00000000,0.00000,0,0.00000000,0.00000,0,0.00000000,0.00000
2019-02,2019-02-01,monthly,40,0,0,0,0.00000000,0.00000,0,0.00000000,0.00000,0,0.00000000,0.00000,0,0.00000000,0.00000
2019-03,2019-03-01,monthly,52,0,0,1,0.01923077,1.92308,1,0.01923077,1.92308,1,0.01923077,1.92308,1,0.01923077,1.92308
2019-04,2019-04-01,monthly,35,0,0,0,0.00000000,0.00000,0,0.00000000,0.00000,1,0.02857143,2.85714,1,0.02857143,2.85714
2019-05,2019-05-01,monthly,60,0,0,2,0.03333333,3.33333,2,0.03333333,3.33333,2,0.03333333,3.33333,2,0.03333333,3.33333
2019-06,2019-06-01,monthly,33,0,0,0,0.00000000,0.00000,0,0.00000000,0.00000,0,0.00000000,0.00000,0,0.00000000,0.00000
2019-07,2019-07-01,monthly,50,0,0,0,0.00000000,0.00000,0,0.00000000,0.00000,1,0.02000000,2.00000,1,0.02000000,2.00000
2019-08,2019-08-01,monthly,27,0,0,0,0.00000000,0.00000,0,0.00000000,0.00000,0,0.00000000,0.00000,0,0.00000000,0.00000
2019-09,2019-09-01,monthly,31,0,0,1,0.03225806,3.22581,1,0.03225806,3.22581,2,0.06451613,6.45161,2,0.06451613,6.45161
2019-10,2019-10-01,monthly,43,0,0,0,0.00000000,0.00000,0,0.00000000,0.00000,0,0.00000000,0.00000,0,0.00000000,0.00000
2019-11,2019-11-01,monthly,52,0,0,1,0.01923077,1.92308,2,0.03846154,3.84615,2,0.03846154,3.84615,2,0.03846154,3.84615
2019-12,2019-12-01,monthly,29,0,0,0,0.00000000,0.00000,0,0.00000000,0.00000,0,0.00000000,0.00000,0,0.00000000,0.00000
2020-01,2020-01-01,monthly,53,0,0,0,0.00000000,0.00000,0,0.00000000,0.00000,0,0.00000000,0.00000,0,0.00000000,0.00000
2020-02,2020-02-01,monthly,47,0,0,1,0.02127660,2.12766,1,0.02127660,2.12766,1,0.02127660,2.12766,1,0.02127660,2.12766
2020-03,2020-03-01,monthly,91,0,0,0,0.00000000,0.00000,0,0.00000000,0.00000,2,0.02197802,2.19780,2,0.02197802,2.19780
2020-04,2020-04-01,monthly,51,0,0,0,0.00000000,0.00000,1,0.01960784,1.96078,2,0.03921569,3.92157,2,0.03921569,3.92157
2020-05,2020-05-01,monthly,36,0,0,1,0.02777778,2.77778,1,0.02777778,2.77778,1,0.02777778,2.77778,1,0.02777778,2.77778
2020-06,2020-06-01,monthly,69,0,0,1,0.01449275,1.44928,1,0.01449275,1.44928,1,0.01449275,1.44928,1,0.01449275,1.44928
2020-07,2020-07-01,monthly,53,0,0,0,0.00000000,0.00000,0,0.00000000,0.00000,0,0.00000000,0.00000,0,0.00000000,0.00000
2020-08,2020-08-01,monthly,49,0,0,1,0.02040816,2.04082,1,0.02040816,2.04082,1,0.02040816,2.04082,1,0.02040816,2.04082
2020-09,2020-09-01,monthly,46,0,0,0,0.00000000,0.00000,0,0.00000000,0.00000,0,0.00000000,0.00000,0,0.00000000,0.00000
2020-10,2020-10-01,monthly,29,0,0,0,0.00000000,0.00000,0,0.00000000,0.00000,0,0.00000000,0.00000,0,0.00000000,0.00000
2020-11,2020-11-01,monthly,40,0,0,0,0.00000000,0.00000,1,0.02500000,2.50000,2,0.05000000,5.00000,2,0.05000000,5.00000
2020-12,2020-12-01,monthly,5,0,0,0,0.00000000,0.00000,0,0.00000000,0.00000,0,0.00000000,0.00000,0,0.00000000,0.00000
2021-01,2021-01-01,monthly,87,0,0,0,0.00000000,0.00000,0,0.00000000,0.00000,0,0.00000000,0.00000,0,0.00000000,0.00000
2021-02,2021-02-01,monthly,56,0,0,0,0.00000000,0.00000,0,0.00000000,0.00000,1,0.01785714,1.78571,1,0.01785714,1.78571
2021-03,2021-03-01,monthly,78,0,0,1,0.01282051,1.28205,1,0.01282051,1.28205,2,0.02564103,2.56410,2,0.02564103,2.56410
2021-04,2021-04-01,monthly,40,0,0,0,0.00000000,0.00000,0,0.00000000,0.00000,0,0.00000000,0.00000,0,0.00000000,0.00000
2021-05,2021-05-01,monthly,40,0,0,1,0.02500000,2.50000,1,0.02500000,2.50000,1,0.02500000,2.50000,1,0.02500000,2.50000
2021-06,2021-06-01,monthly,44,0,0,0,0.00000000,0.00000,0,0.00000000,0.00000,1,0.02272727,2.27273,2,0.04545455,4.54545
2021-07,2021-07-01,monthly,25,0,0,0,0.00000000,0.00000,0,0.00000000,0.00000,0,0.00000000,0.00000,0,0.00000000,0.00000
2021-08,2021-08-01,monthly,20,0,0,0,0.00000000,0.00000,0,0.00000000,0.00000,0,0.00000000,0.00000,0,0.00000000,0.00000
2021-09,2021-09-01,monthly,33,0,0,0,0.00000000,0.00000,0,0.00000000,0.00000,0,0.00000000,0.00000,0,0.00000000,0.00000
2021-10,2021-10-01,monthly,46,0,0,0,0.00000000,0.00000,0,0.00000000,0.00000,0,0.00000000,0.00000,0,0.00000000,0.00000
2021-11,2021-11-01,monthly,42,0,0,0,0.00000000,0.00000,0,0.00000000,0.00000,0,0.00000000,0.00000,0,0.00000000,0.00000
2021-12,2021-12-01,monthly,35,0,0,0,0.00000000,0.00000,0,0.00000000,0.00000,0,0.00000000,0.00000,0,0.00000000,0.00000
2022-01,2022-01-01,monthly,36,0,0,0,0.00000000,0.00000,0,0.00000000,0.00000,0,0.00000000,0.00000,0,0.00000000,0.00000
2022-02,2022-02-01,monthly,62,0,0,0,0.00000000,0.00000,0,0.00000000,0.00000,0,0.00000000,0.00000,1,0.01612903,1.61290
2022-03,2022-03-01,monthly,81,0,0,0,0.00000000,0.00000,0,0.00000000,0.00000,1,0.01234568,1.23457,1,0.01234568,1.23457
2022-04,2022-04-01,monthly,59,0,0,0,0.00000000,0.00000,0,0.00000000,0.00000,0,0.00000000,0.00000,0,0.00000000,0.00000
2022-05,2022-05-01,monthly,66,0,0,0,0.00000000,0.00000,0,0.00000000,0.00000,0,0.00000000,0.00000,0,0.00000000,0.00000
2022-06,2022-06-01,monthly,46,0,0,0,0.00000000,0.00000,0,0.00000000,0.00000,0,0.00000000,0.00000,0,0.00000000,0.00000
2022-07,2022-07-01,monthly,53,0,0,1,0.01886792,1.88679,1,0.01886792,1.88679,1,0.01886792,1.88679,1,0.01886792,1.88679
2022-08,2022-08-01,monthly,73,0,0,1,0.01369863,1.36986,1,0.01369863,1.36986,2,0.02739726,2.73973,2,0.02739726,2.73973
2022-09,2022-09-01,monthly,94,0,0,1,0.01063830,1.06383,2,0.02127660,2.12766,2,0.02127660,2.12766,2,0.02127660,2.12766
2022-10,2022-10-01,monthly,35,0,0,0,0.00000000,0.00000,0,0.00000000,0.00000,0,0.00000000,0.00000,0,0.00000000,0.00000
2022-11,2022-11-01,monthly,74,0,0,0,0.00000000,0.00000,0,0.00000000,0.00000,0,0.00000000,0.00000,0,0.00000000,0.00000
2022-12,2022-12-01,monthly,72,0,0,0,0.00000000,0.00000,0,0.00000000,0.00000,0,0.00000000,0.00000,0,0.00000000,0.00000
2023-01,2023-01-01,monthly,58,0,0,0,0.00000000,0.00000,0,0.00000000,0.00000,0,0.00000000,0.00000,0,0.00000000,0.00000
2023-02,2023-02-01,monthly,49,0,0,0,0.00000000,0.00000,0,0.00000000,0.00000,0,0.00000000,0.00000,0,0.00000000,0.00000
2023-03,2023-03-01,monthly,73,0,0,0,0.00000000,0.00000,0,0.00000000,0.00000,0,0.00000000,0.00000,0,0.00000000,0.00000
2023-04,2023-04-01,monthly,58,0,0,0,0.00000000,0.00000,0,0.00000000,0.00000,0,0.00000000,0.00000,0,0.00000000,0.00000
2023-05,2023-05-01,monthly,63,0,0,0,0.00000000,0.00000,0,0.00000000,0.00000,0,0.00000000,0.00000,0,0.00000000,0.00000
2023-06,2023-06-01,monthly,76,0,0,0,0.00000000,0.00000,0,0.00000000,0.00000,0,0.00000000,0.00000,1,0.01315789,1.31579
2023-07,2023-07-01,monthly,62,0,0,0,0.00000000,0.00000,0,0.00000000,0.00000,0,0.00000000,0.00000,0,0.00000000,0.00000
2023-08,2023-08-01,monthly,58,0,0,0,0.00000000,0.00000,0,0.00000000,0.00000,0,0.00000000,0.00000,0,0.00000000,0.00000
2023-09,2023-09-01,monthly,57,0,0,1,0.01754386,1.75439,1,0.01754386,1.75439,1,0.01754386,1.75439,1,0.01754386,1.75439
2023-10,2023-10-01,monthly,71,0,0,0,0.00000000,0.00000,0,0.00000000,0.00000,0,0.00000000,0.00000,0,0.00000000,0.00000
2023-11,2023-11-01,monthly,80,0,0,0,0.00000000,0.00000,0,0.00000000,0.00000,0,0.00000000,0.00000,0,0.00000000,0.00000
2023-12,2023-12-01,monthly,37,0,0,0,0.00000000,0.00000,0,0.00000000,0.00000,0,0.00000000,0.00000,0,0.00000000,0.00000
2024-01,2024-01-01,monthly,75,0,0,0,0.00000000,0.00000,0,0.00000000,0.00000,0,0.00000000,0.00000,0,0.00000000,0.00000
2024-02,2024-02-01,monthly,51,0,0,0,0.00000000,0.00000,0,0.00000000,0.00000,0,0.00000000,0.00000,0,0.00000000,0.00000
2024-03,2024-03-01,monthly,83,0,0,1,0.01204819,1.20482,1,0.01204819,1.20482,1,0.01204819,1.20482,1,0.01204819,1.20482
2024-04,2024-04-01,monthly,72,0,0,0,0.00000000,0.00000,0,0.00000000,0.00000,0,0.00000000,0.00000,0,0.00000000,0.00000
2024-05,2024-05-01,monthly,33,0,0,0,0.00000000,0.00000,0,0.00000000,0.00000,0,0.00000000,0.00000,0,0.00000000,0.00000
2024-06,2024-06-01,monthly,10,0,0,0,0.00000000,0.00000,0,0.00000000,0.00000,0,0.00000000,0.00000,0,0.00000000,0.00000
2024-07,2024-07-01,monthly,3,1,0,0,0.00000000,0.00000,0,0.00000000,0.00000,0,0.00000000,0.00000,0,0.00000000,0.00000
2024-08,2024-08-01,monthly,0,1,0,0,,,0,,,0,,,0,,
2024-09,2024-09-01,monthly,1,1,1,0,0.00000000,0.00000,0,0.00000000,0.00000,0,0.00000000,0.00000,0,0.00000000,0.00000
2024-10,2024-10-01,monthly,208,1,208,0,0.00000000,0.00000,0,0.00000000,0.00000,0,0.00000000,0.00000,0,0.00000000,0.00000
2024-11,2024-11-01,monthly,156,1,156,0,0.00000000,0.00000,0,0.00000000,0.00000,0,0.00000000,0.00000,0,0.00000000,0.00000
2024-12,2024-12-01,monthly,106,1,106,0,0.00000000,0.00000,0,0.00000000,0.00000,0,0.00000000,0.00000,0,0.00000000,0.00000
2025-01,2025-01-01,monthly,100,1,100,0,0.00000000,0.00000,0,0.00000000,0.00000,0,0.00000000,0.00000,0,0.00000000,0.00000
2025-02,2025-02-01,monthly,110,1,110,0,0.00000000,0.00000,0,0.00000000,0.00000,0,0.00000000,0.00000,0,0.00000000,0.00000
2025-03,2025-03-01,monthly,110,1,110,0,0.00000000,0.00000,0,0.00000000,0.00000,0,0.00000000,0.00000,0,0.00000000,0.00000
2025-04,2025-04-01,monthly,181,1,181,0,0.00000000,0.00000,0,0.00000000,0.00000,0,0.00000000,0.00000,0,0.00000000,0.00000
2025-05,2025-05-01,monthly,126,1,126,0,0.00000000,0.00000,0,0.00000000,0.00000,0,0.00000000,0.00000,0,0.00000000,0.00000
2025-06,2025-06-01,monthly,160,1,160,0,0.00000000,0.00000,0,0.00000000,0.00000,0,0.00000000,0.00000,0,0.00000000,0.00000
2025-07,2025-07-01,monthly,191,1,191,0,0.00000000,0.00000,0,0.00000000,0.00000,0,0.00000000,0.00000,0,0.00000000,0.00000
2025-08,2025-08-01,monthly,117,1,117,0,0.00000000,0.00000,0,0.00000000,0.00000,1,0.00854701,0.85470,1,0.00854701,0.85470
2025-09,2025-09-01,monthly,165,1,165,0,0.00000000,0.00000,0,0.00000000,0.00000,0,0.00000000,0.00000,0,0.00000000,0.00000
2025-10,2025-10-01,monthly,131,1,131,0,0.00000000,0.00000,0,0.00000000,0.00000,0,0.00000000,0.00000,0,0.00000000,0.00000
2025-11,2025-11-01,monthly,169,1,169,0,0.00000000,0.00000,0,0.00000000,0.00000,0,0.00000000,0.00000,0,0.00000000,0.00000
2025-12,2025-12-01,monthly,102,1,102,1,0.00980392,0.98039,1,0.00980392,0.98039,1,0.00980392,0.98039,1,0.00980392,0.98039
2026-01,2026-01-01,monthly,145,1,145,0,0.00000000,0.00000,0,0.00000000,0.00000,0,0.00000000,0.00000,0,0.00000000,0.00000
2026-02,2026-02-01,monthly,119,1,119,0,0.00000000,0.00000,0,0.00000000,0.00000,0,0.00000000,0.00000,0,0.00000000,0.00000
2026-03,2026-03-01,monthly,141,1,141,0,0.00000000,0.00000,0,0.00000000,0.00000,0,0.00000000,0.00000,0,0.00000000,0.00000
2026-04,2026-04-01,monthly,63,1,63,0,0.00000000,0.00000,0,0.00000000,0.00000,0,0.00000000,0.00000,0,0.00000000,0.00000
2026-05,2026-05-01,monthly,0,1,0,0,,,0,,,0,,,0,,
2026-06,2026-06-01,monthly,0,1,0,0,,,0,,,0,,,0,,
2026-07,2026-07-01,monthly,1,1,1,0,0.00000000,0.00000,0,0.00000000,0.00000,0,0.00000000,0.00000,0,0.00000000,0.00000
2026-08,2026-08-01,monthly,1,1,1,0,0.00000000,0.00000,0,0.00000000,0.00000,0,0.00000000,0.00000,0,0.00000000,0.00000
