month,period_start,N_t,D52_t,Rate52_t,D55_t,Rate55_t,Post,Time,TimeAfter,month_of_year,quarter_of_year
2012-06,2012-06-01,1,0,0.00000000,0,0.00000000,0,0,0,6,2
2012-07,2012-07-01,1,0,0.00000000,0,0.00000000,0,1,0,7,3
2012-08,2012-08-01,1,0,0.00000000,0,0.00000000,0,2,0,8,3
2012-09,2012-09-01,4,0,0.00000000,0,0.00000000,0,3,0,9,3
2012-10,2012-10-01,2,0,0.00000000,0,0.00000000,0,4,0,10,4
2012-11,2012-11-01,3,0,0.00000000,0,0.00000000,0,5,0,11,4
2012-12,2012-12-01,1,0,0.00000000,0,0.00000000,0,6,0,12,4
2013-01,2013-01-01,2,0,0.00000000,0,0.00000000,0,7,0,1,1
2013-02,2013-02-01,1,0,0.00000000,0,0.00000000,0,8,0,2,1
2013-03,2013-03-01,3,0,0.00000000,0,0.00000000,0,9,0,3,1
2013-04,2013-04-01,1,0,0.00000000,0,0.00000000,0,10,0,4,2
2013-05,2013-05-01,0,0,,0,,0,11,0,5,2
2013-06,2013-06-01,5,0,0.00000000,0,0.00000000,0,12,0,6,2
2013-07,2013-07-01,4,0,0.00000000,0,0.00000000,0,13,0,7,3
2013-08,2013-08-01,0,0,,0,,0,14,0,8,3
2013-09,2013-09-01,4,0,0.00000000,0,0.00000000,0,15,0,9,3
2013-10,2013-10-01,2,0,0.00000000,0,0.00000000,0,16,0,10,4
2013-11,2013-11-01,0,0,,0,,0,17,0,11,4
2013-12,2013-12-01,4,0,0.00000000,0,0.00000000,0,18,0,12,4
2014-01,2014-01-01,4,0,0.00000000,0,0.00000000,0,19,0,1,1
2014-02,2014-02-01,0,0,,0,,0,20,0,2,1
2014-03,2014-03-01,4,0,0.00000000,0,0.00000000,0,21,0,3,1
2014-04,2014-04-01,1,0,0.00000000,0,0.00000000,0,22,0,4,2
2014-05,2014-05-01,1,0,0.00000000,0,0.00000000,0,23,0,5,2
2014-06,2014-06-01,2,0,0.00000000,0,0.00000000,0,24,0,6,2
2014-07,2014-07-01,9,0,0.00000000,0,0.00000000,0,25,0,7,3
2014-08,2014-08-01,2,0,0.00000000,0,0.00000000,0,26,0,8,3
2014-09,2014-09-01,8,0,0.00000000,0,0.00000000,0,27,0,9,3
2014-10,2014-10-01,2,0,0.00000000,0,0.00000000,0,28,0,10,4
2014-11,2014-11-01,1,0,0.00000000,0,0.00000000,0,29,0,11,4
2014-12,2014-12-01,12,0,0.00000000,0,0.00000000,0,30,0,12,4
2015-01,2015-01-01,9,0,0.00000000,0,0.00000000,0,31,0,1,1
2015-02,2015-02-01,7,0,0.00000000,0,0.00000000,0,32,0,2,1
2015-03,2015-03-01,3,1,0.33333333,1,0.33333333,0,33,0,3,1
2015-04,2015-04-01,16,1,0.06250000,1,0.06250000,0,34,0,4,2
2015-05,2015-05-01,10,0,0.00000000,0,0.00000000,0,35,0,5,2
2015-06,2015-06-01,6,0,0.00000000,0,0.00000000,0,36,0,6,2
2015-07,2015-07-01,15,0,0.00000000,0,0.00000000,0,37,0,7,3
2015-08,2015-08-01,11,0,0.00000000,0,0.00000000,0,38,0,8,3
2015-09,2015-09-01,23,0,0.00000000,0,0.00000000,0,39,0,9,3
2015-10,2015-10-01,33,0,0.00000000,0,0.00000000,0,40,0,10,4
2015-11,2015-11-01,8,0,0.00000000,0,0.00000000,0,41,0,11,4
2015-12,2015-12-01,11,0,0.00000000,0,0.00000000,0,42,0,12,4
2016-01,2016-01-01,20,0,0.00000000,0,0.00000000,0,43,0,1,1
2016-02,2016-02-01,11,0,0.00000000,0,0.00000000,0,44,0,2,1
2016-03,2016-03-01,15,1,0.06666667,1,0.06666667,0,45,0,3,1
2016-04,2016-04-01,22,1,0.04545455,1,0.04545455,0,46,0,4,2
2016-05,2016-05-01,19,1,0.05263158,1,0.05263158,0,47,0,5,2
2016-06,2016-06-01,20,0,0.00000000,0,0.00000000,0,48,0,6,2
2016-07,2016-07-01,16,0,0.00000000,0,0.00000000,0,49,0,7,3
2016-08,2016-08-01,14,0,0.00000000,0,0.00000000,0,50,0,8,3
2016-09,2016-09-01,10,0,0.00000000,0,0.00000000,0,51,0,9,3
2016-10,2016-10-01,14,1,0.07142857,1,0.07142857,0,52,0,10,4
2016-11,2016-11-01,21,1,0.04761905,1,0.04761905,0,53,0,11,4
2016-12,2016-12-01,11,1,0.09090909,1,0.09090909,0,54,0,12,4
2017-01,2017-01-01,22,0,0.00000000,0,0.00000000,0,55,0,1,1
2017-02,2017-02-01,14,0,0.00000000,0,0.00000000,0,56,0,2,1
2017-03,2017-03-01,17,1,0.05882353,1,0.05882353,0,57,0,3,1
2017-04,2017-04-01,26,0,0.00000000,0,0.00000000,0,58,0,4,2
2017-05,2017-05-01,16,0,0.00000000,0,0.00000000,0,59,0,5,2
2017-06,2017-06-01,17,0,0.00000000,0,0.00000000,0,60,0,6,2
2017-07,2017-07-01,21,1,0.04761905,1,0.04761905,0,61,0,7,3
2017-08,2017-08-01,8,1,0.12500000,1,0.12500000,0,62,0,8,3
2017-09,2017-09-01,10,0,0.00000000,0,0.00000000,0,63,0,9,3
2017-10,2017-10-01,4,1,0.25000000,1,0.25000000,0,64,0,10,4
2017-11,2017-11-01,4,0,0.00000000,0,0.00000000,0,65,0,11,4
2017-12,2017-12-01,0,0,,0,,0,66,0,12,4
2018-01,2018-01-01,0,0,,0,,0,67,0,1,1
2018-02,2018-02-01,14,0,0.00000000,0,0.00000000,0,68,0,2,1
2018-03,2018-03-01,20,0,0.00000000,0,0.00000000,0,69,0,3,1
2018-04,2018-04-01,19,1,0.05263158,1,0.05263158,0,70,0,4,2
2018-05,2018-05-01,14,0,0.00000000,0,0.00000000,0,71,0,5,2
2018-06,2018-06-01,27,0,0.00000000,0,0.00000000,0,72,0,6,2
2018-07,2018-07-01,38,0,0.00000000,0,0.00000000,0,73,0,7,3
2018-08,2018-08-01,25,1,0.04000000,1,0.04000000,0,74,0,8,3
2018-09,2018-09-01,43,1,0.02325581,1,0.02325581,0,75,0,9,3
2018-10,2018-10-01,40,0,0.00000000,0,0.00000000,0,76,0,10,4
2018-11,2018-11-01,44,0,0.00000000,0,0.00000000,0,77,0,11,4
2018-12,2018-12-01,32,0,0.00000000,0,0.00000000,0,78,0,12,4
2019-01,2019-01-01,40,0,0.00000000,0,0.00000000,0,79,0,1,1
2019-02,2019-02-01,40,0,0.00000000,0,0.00000000,0,80,0,2,1
2019-03,2019-03-01,52,1,0.01923077,1,0.01923077,0,81,0,3,1
2019-04,2019-04-01,35,1,0.02857143,1,0.02857143,0,82,0,4,2
2019-05,2019-05-01,60,2,0.03333333,2,0.03333333,0,83,0,5,2
2019-06,2019-06-01,33,0,0.00000000,0,0.00000000,0,84,0,6,2
2019-07,2019-07-01,50,1,0.02000000,1,0.02000000,0,85,0,7,3
2019-08,2019-08-01,27,0,0.00000000,0,0.00000000,0,86,0,8,3
2019-09,2019-09-01,31,2,0.06451613,3,0.09677419,0,87,0,9,3
2019-10,2019-10-01,43,0,0.00000000,0,0.00000000,0,88,0,10,4
2019-11,2019-11-01,52,2,0.03846154,2,0.03846154,0,89,0,11,4
2019-12,2019-12-01,29,0,0.00000000,0,0.00000000,0,90,0,12,4
2020-01,2020-01-01,53,0,0.00000000,0,0.00000000,0,91,0,1,1
2020-02,2020-02-01,47,1,0.02127660,2,0.04255319,0,92,0,2,1
2020-03,2020-03-01,91,2,0.02197802,2,0.02197802,0,93,0,3,1
2020-04,2020-04-01,51,2,0.03921569,2,0.03921569,0,94,0,4,2
2020-05,2020-05-01,36,1,0.02777778,1,0.02777778,0,95,0,5,2
2020-06,2020-06-01,69,1,0.01449275,1,0.01449275,0,96,0,6,2
2020-07,2020-07-01,53,0,0.00000000,0,0.00000000,0,97,0,7,3
2020-08,2020-08-01,49,1,0.02040816,1,0.02040816,0,98,0,8,3
2020-09,2020-09-01,46,0,0.00000000,0,0.00000000,0,99,0,9,3
2020-10,2020-10-01,29,0,0.00000000,0,0.00000000,0,100,0,10,4
2020-11,2020-11-01,40,2,0.05000000,2,0.05000000,0,101,0,11,4
2020-12,2020-12-01,5,0,0.00000000,0,0.00000000,0,102,0,12,4
2021-01,2021-01-01,87,0,0.00000000,0,0.00000000,0,103,0,1,1
2021-02,2021-02-01,56,1,0.01785714,1,0.01785714,0,104,0,2,1
2021-03,2021-03-01,78,2,0.02564103,2,0.02564103,0,105,0,3,1
2021-04,2021-04-01,40,0,0.00000000,0,0.00000000,0,106,0,4,2
2021-05,2021-05-01,40,1,0.02500000,1,0.02500000,0,107,0,5,2
2021-06,2021-06-01,44,2,0.04545455,2,0.04545455,0,108,0,6,2
2021-07,2021-07-01,25,0,0.00000000,0,0.00000000,0,109,0,7,3
2021-08,2021-08-01,20,0,0.00000000,0,0.00000000,0,110,0,8,3
2021-09,2021-09-01,33,0,0.00000000,0,0.00000000,0,111,0,9,3
2021-10,2021-10-01,46,0,0.00000000,0,0.00000000,0,112,0,10,4
2021-11,2021-11-01,42,0,0.00000000,0,0.00000000,0,113,0,11,4
2021-12,2021-12-01,35,0,0.00000000,0,0.00000000,0,114,0,12,4
2022-01,2022-01-01,36,0,0.00000000,0,0.00000000,0,115,0,1,1
2022-02,2022-02-01,62,1,0.01612903,1,0.01612903,0,116,0,2,1
2022-03,2022-03-01,81,1,0.01234568,1,0.01234568,0,117,0,3,1
2022-04,2022-04-01,59,0,0.00000000,0,0.00000000,0,118,0,4,2
2022-05,2022-05-01,66,0,0.00000000,0,0.00000000,0,119,0,5,2
2022-06,2022-06-01,46,0,0.00000000,0,0.00000000,0,120,0,6,2
2022-07,2022-07-01,53,1,0.01886792,1,0.01886792,0,121,0,7,3
2022-08,2022-08-01,73,2,0.02739726,2,0.02739726,0,122,0,8,3
2022-09,2022-09-01,94,2,0.02127660,2,0.02127660,0,123,0,9,3
2022-10,2022-10-01,35,0,0.00000000,0,0.00000000,0,124,0,10,4
2022-11,2022-11-01,74,0,0.00000000,0,0.00000000,0,125,0,11,4
2022-12,2022-12-01,72,0,0.00000000,0,0.00000000,0,126,0,12,4
2023-01,2023-01-01,58,0,0.00000000,0,0.00000000,0,127,0,1,1
2023-02,2023-02-01,49,0,0.00000000,0,0.00000000,0,128,0,2,1
2023-03,2023-03-01,73,0,0.00000000,0,0.00000000,0,129,0,3,1
2023-04,2023-04-01,58,0,0.00000000,0,0.00000000,0,130,0,4,2
2023-05,2023-05-01,63,0,0.00000000,0,0.00000000,0,131,0,5,2
2023-06,2023-06-01,76,1,0.01315789,1,0.01315789,0,132,0,6,2
2023-07,2023-07-01,62,0,0.00000000,0,0.00000000,0,133,0,7,3
2023-08,2023-08-01,58,0,0.00000000,0,0.00000000,0,134,0,8,3
2023-09,2023-09-01,57,1,0.01754386,1,0.01754386,0,135,0,9,3
2023-10,2023-10-01,71,0,0.00000000,0,0.00000000,0,136,0,10,4
2023-11,2023-11-01,80,0,0.00000000,0,0.00000000,0,137,0,11,4
2023-12,2023-12-01,37,0,0.00000000,0,0.00000000,0,138,0,12,4
2024-01,2024-01-01,75,0,0.00000000,0,0.00000000,0,139,0,1,1
2024-02,2024-02-01,51,0,0.00000000,1,0.01960784,0,140,0,2,1
2024-03,2024-03-01,83,1,0.01204819,1,0.01204819,0,141,0,3,1
2024-04,2024-04-01,72,0,0.00000000,0,0.00000000,0,142,0,4,2
2024-05,2024-05-01,33,0,0.00000000,0,0.00000000,0,143,0,5,2
2024-06,2024-06-01,10,0,0.00000000,0,0.00000000,0,144,0,6,2
2024-07,2024-07-01,3,0,0.00000000,0,0.00000000,1,145,0,7,3
2024-08,2024-08-01,0,0,,0,,1,146,1,8,3
2024-09,2024-09-01,1,0,0.00000000,0,0.00000000,1,147,2,9,3
2024-10,2024-10-01,208,0,0.00000000,0,0.00000000,1,148,3,10,4
2024-11,2024-11-01,156,0,0.00000000,0,0.00000000,1,149,4,11,4
2024-12,2024-12-01,106,0,0.00000000,0,0.00000000,1,150,5,12,4
2025-01,2025-01-01,100,0,0.00000000,0,0.00000000,1,151,6,1,1
2025-02,2025-02-01,110,0,0.00000000,0,0.00000000,1,152,7,2,1
2025-03,2025-03-01,110,0,0.00000000,0,0.00000000,1,153,8,3,1
2025-04,2025-04-01,181,0,0.00000000,0,0.00000000,1,154,9,4,2
2025-05,2025-05-01,126,0,0.00000000,0,0.00000000,1,155,10,5,2
2025-06,2025-06-01,160,0,0.00000000,0,0.00000000,1,156,11,6,2
2025-07,2025-07-01,191,0,0.00000000,0,0.00000000,1,157,12,7,3
2025-08,2025-08-01,117,1,0.00854701,1,0.00854701,1,158,13,8,3
2025-09,2025-09-01,165,0,0.00000000,0,0.00000000,1,159,14,9,3
2025-10,2025-10-01,131,0,0.00000000,0,0.00000000,1,160,15,10,4
2025-11,2025-11-01,169,0,0.00000000,0,0.00000000,1,161,16,11,4
2025-12,2025-12-01,102,1,0.00980392,1,0.00980392,1,162,17,12,4
2026-01,2026-01-01,145,0,0.00000000,0,0.00000000,1,163,18,1,1
2026-02,2026-02-01,119,0,0.00000000,0,0.00000000,1,164,19,2,1
2026-03,2026-03-01,141,0,0.00000000,0,0.00000000,1,165,20,3,1
2026-04,2026-04-01,63,0,0.00000000,0,0.00000000,1,166,21,4,2
2026-05,2026-05-01,0,0,,0,,1,167,22,5,2
2026-06,2026-06-01,0,0,,0,,1,168,23,6,2
2026-07,2026-07-01,1,0,0.00000000,0,0.00000000,1,169,24,7,3
2026-08,2026-08-01,1,0,0.00000000,0,0.00000000,1,170,25,8,3
